,actual Y train,predict Y train,actual Y test,predict Y test
1719,7.0,8.333333333333334,10.0,9.333333333333334
2756,8.0,8.333333333333334,5.0,4.666666666666667
1686,8.0,8.666666666666666,7.0,6.666666666666667
788,14.0,13.666666666666666,9.0,10.0
2137,7.0,12.333333333333334,7.0,9.0
653,8.0,7.0,11.0,12.0
3172,6.0,6.666666666666667,13.0,9.666666666666666
3127,9.0,7.333333333333333,10.0,10.0
3141,11.0,10.0,9.0,8.666666666666666
2680,7.0,6.333333333333333,7.0,7.0
3404,7.0,7.0,15.0,12.333333333333334
1920,6.0,6.0,10.0,11.666666666666666
3700,10.0,11.0,10.0,8.666666666666666
3684,9.0,8.0,8.0,8.333333333333334
3113,13.0,12.0,9.0,11.666666666666666
729,8.0,8.333333333333334,12.0,8.0
1884,19.0,16.0,14.0,11.333333333333334
1822,10.0,10.0,9.0,10.0
2947,7.0,7.666666666666667,11.0,13.333333333333334
3370,7.0,7.0,15.0,12.0
1618,7.0,7.0,16.0,11.666666666666666
3638,9.0,10.666666666666666,9.0,10.0
2242,9.0,11.0,6.0,9.666666666666666
2512,9.0,9.333333333333334,6.0,7.333333333333333
52,17.0,12.333333333333334,12.0,9.333333333333334
3114,10.0,11.0,22.0,13.666666666666666
208,8.0,8.333333333333334,11.0,9.666666666666666
535,8.0,9.333333333333334,8.0,7.333333333333333
3461,10.0,9.333333333333334,8.0,9.0
3253,9.0,9.333333333333334,8.0,7.0
2559,9.0,9.333333333333334,8.0,9.0
1136,8.0,6.666666666666667,11.0,9.333333333333334
1384,18.0,13.333333333333334,10.0,9.0
2920,11.0,12.333333333333334,9.0,10.666666666666666
146,7.0,6.333333333333333,14.0,17.333333333333332
812,6.0,6.0,9.0,9.666666666666666
2962,12.0,13.333333333333334,11.0,12.333333333333334
2300,9.0,10.666666666666666,11.0,11.666666666666666
148,8.0,9.333333333333334,4.0,4.666666666666667
1516,9.0,10.666666666666666,13.0,10.333333333333334
1382,9.0,13.666666666666666,7.0,7.666666666666667
2768,10.0,13.333333333333334,13.0,11.0
1882,12.0,14.666666666666666,9.0,9.666666666666666
83,9.0,9.333333333333334,10.0,8.666666666666666
905,9.0,11.0,8.0,10.666666666666666
2773,9.0,12.333333333333334,8.0,10.333333333333334
3389,6.0,6.666666666666667,8.0,8.333333333333334
3802,10.0,14.0,11.0,13.0
2129,11.0,12.666666666666666,4.0,5.0
3403,10.0,10.333333333333334,10.0,7.333333333333333
2084,11.0,11.666666666666666,10.0,14.0
3474,11.0,11.0,16.0,9.333333333333334
2269,9.0,8.666666666666666,8.0,9.0
2187,12.0,11.0,6.0,8.0
2575,15.0,13.666666666666666,11.0,12.333333333333334
1235,13.0,10.666666666666666,6.0,7.666666666666667
2541,11.0,9.666666666666666,9.0,9.333333333333334
1243,10.0,8.666666666666666,7.0,7.666666666666667
3405,13.0,12.0,10.0,9.666666666666666
2537,11.0,10.0,6.0,8.333333333333334
2617,10.0,9.666666666666666,8.0,8.333333333333334
524,7.0,7.666666666666667,13.0,10.666666666666666
2058,9.0,9.0,11.0,9.666666666666666
1012,13.0,14.0,10.0,10.333333333333334
1414,9.0,8.333333333333334,11.0,10.0
3768,9.0,9.333333333333334,11.0,13.0
2546,5.0,5.666666666666667,10.0,9.666666666666666
1100,12.0,12.333333333333334,9.0,10.333333333333334
2540,11.0,11.0,10.0,8.333333333333334
2529,9.0,11.0,7.0,8.0
3331,8.0,8.666666666666666,10.0,8.666666666666666
304,8.0,8.333333333333334,15.0,9.333333333333334
157,9.0,10.0,12.0,11.666666666666666
339,8.0,7.333333333333333,9.0,12.0
2865,9.0,11.333333333333334,14.0,11.666666666666666
2711,9.0,8.333333333333334,6.0,8.0
240,8.0,8.666666666666666,7.0,8.0
3534,7.0,9.0,10.0,10.666666666666666
2595,9.0,11.0,7.0,7.666666666666667
2985,8.0,8.666666666666666,4.0,4.666666666666667
325,9.0,9.333333333333334,11.0,10.0
474,11.0,10.0,8.0,9.0
2879,7.0,6.333333333333333,10.0,11.0
3349,10.0,9.666666666666666,5.0,6.333333333333333
31,8.0,9.333333333333334,11.0,10.666666666666666
3149,13.0,12.0,7.0,8.333333333333334
1685,6.0,7.666666666666667,8.0,8.666666666666666
909,9.0,9.0,11.0,10.0
468,14.0,17.0,13.0,15.666666666666666
2341,7.0,7.0,6.0,7.333333333333333
1310,6.0,6.666666666666667,11.0,9.0
2471,10.0,10.666666666666666,8.0,8.333333333333334
1653,5.0,5.666666666666667,7.0,8.0
3377,9.0,10.333333333333334,17.0,10.0
522,15.0,12.333333333333334,10.0,9.0
568,10.0,10.666666666666666,13.0,11.333333333333334
737,8.0,7.333333333333333,11.0,8.666666666666666
266,7.0,7.333333333333333,10.0,8.666666666666666
1019,6.0,7.0,11.0,13.333333333333334
3276,6.0,6.333333333333333,8.0,11.333333333333334
2914,8.0,9.333333333333334,10.0,10.0
2982,11.0,11.666666666666666,10.0,12.333333333333334
3666,9.0,11.333333333333334,5.0,6.333333333333333
3688,18.0,17.333333333333332,12.0,11.333333333333334
2850,6.0,6.666666666666667,8.0,9.0
2193,10.0,10.0,8.0,8.666666666666666
3676,11.0,9.666666666666666,16.0,11.666666666666666
2263,13.0,13.666666666666666,6.0,6.0
2294,8.0,10.666666666666666,7.0,6.333333333333333
2783,8.0,8.0,10.0,13.0
3642,14.0,11.666666666666666,16.0,10.666666666666666
816,10.0,11.666666666666666,9.0,10.333333333333334
1627,9.0,10.333333333333334,8.0,6.666666666666667
3068,10.0,9.666666666666666,10.0,10.0
1074,6.0,7.0,12.0,9.333333333333334
2295,9.0,10.0,13.0,10.666666666666666
747,6.0,7.0,9.0,9.333333333333334
3429,5.0,4.666666666666667,4.0,6.0
3414,8.0,9.0,12.0,11.666666666666666
1730,10.0,11.333333333333334,9.0,7.666666666666667
1222,11.0,10.666666666666666,7.0,9.333333333333334
3140,8.0,9.333333333333334,10.0,9.333333333333334
631,8.0,8.666666666666666,9.0,10.333333333333334
2674,7.0,8.0,9.0,8.0
3123,10.0,11.0,17.0,11.0
956,7.0,9.0,6.0,9.333333333333334
806,7.0,8.0,13.0,9.0
1652,6.0,4.666666666666667,11.0,9.666666666666666
2715,9.0,10.0,6.0,9.0
2169,7.0,7.666666666666667,13.0,11.666666666666666
2399,14.0,14.0,9.0,7.666666666666667
1520,10.0,10.333333333333334,13.0,11.0
2700,9.0,8.333333333333334,10.0,10.0
1969,9.0,8.666666666666666,8.0,10.333333333333334
420,10.0,13.666666666666666,7.0,7.333333333333333
697,8.0,9.0,10.0,10.666666666666666
2854,7.0,6.333333333333333,7.0,9.0
1667,10.0,8.0,9.0,11.0
3598,12.0,11.0,7.0,7.333333333333333
1051,12.0,12.0,10.0,10.666666666666666
1326,14.0,12.0,9.0,12.333333333333334
3626,8.0,9.666666666666666,10.0,8.666666666666666
1459,10.0,10.333333333333334,9.0,10.0
300,8.0,8.666666666666666,23.0,14.0
190,9.0,9.333333333333334,6.0,6.333333333333333
1944,12.0,11.666666666666666,11.0,11.333333333333334
2019,6.0,6.0,10.0,8.333333333333334
3529,9.0,10.0,20.0,14.333333333333334
1659,10.0,10.0,19.0,14.333333333333334
3710,6.0,6.333333333333333,10.0,10.333333333333334
598,10.0,10.0,10.0,9.666666666666666
2136,9.0,10.666666666666666,9.0,10.0
246,12.0,11.333333333333334,9.0,10.333333333333334
3870,21.0,16.666666666666668,10.0,12.666666666666666
1596,11.0,9.0,12.0,10.666666666666666
9,7.0,7.333333333333333,10.0,11.666666666666666
710,13.0,14.0,6.0,5.0
1323,9.0,8.333333333333334,9.0,8.333333333333334
2256,8.0,9.0,6.0,6.333333333333333
2916,10.0,9.666666666666666,8.0,6.666666666666667
2244,12.0,12.0,6.0,4.0
3271,7.0,7.0,10.0,10.0
3735,10.0,14.0,20.0,10.666666666666666
319,8.0,10.666666666666666,10.0,11.0
531,7.0,8.333333333333334,8.0,10.0
2194,7.0,6.666666666666667,9.0,7.666666666666667
3451,11.0,10.333333333333334,8.0,9.666666666666666
2004,8.0,9.0,18.0,10.0
3787,14.0,11.333333333333334,11.0,10.333333333333334
2262,16.0,14.0,7.0,7.0
1687,9.0,10.333333333333334,11.0,10.333333333333334
412,7.0,7.333333333333333,7.0,7.333333333333333
727,11.0,11.0,11.0,9.666666666666666
3278,5.0,5.333333333333333,8.0,9.333333333333334
354,9.0,8.0,9.0,8.666666666666666
3473,16.0,14.333333333333334,20.0,14.333333333333334
189,8.0,7.333333333333333,10.0,7.333333333333333
5,8.0,7.666666666666667,11.0,9.333333333333334
2188,6.0,6.0,10.0,9.0
2418,9.0,8.333333333333334,11.0,9.0
840,13.0,10.333333333333334,10.0,9.333333333333334
846,10.0,10.0,10.0,8.333333333333334
2826,7.0,6.666666666666667,10.0,10.666666666666666
1755,9.0,9.0,9.0,11.666666666666666
79,17.0,17.666666666666668,9.0,9.333333333333334
1808,13.0,11.666666666666666,9.0,10.333333333333334
938,8.0,9.666666666666666,11.0,6.333333333333333
3782,9.0,9.0,11.0,10.333333333333334
3762,10.0,9.0,10.0,10.0
2284,10.0,10.0,10.0,9.666666666666666
1413,8.0,9.666666666666666,11.0,11.0
2135,10.0,9.0,5.0,6.333333333333333
1181,7.0,8.0,10.0,9.0
2467,11.0,10.666666666666666,15.0,14.333333333333334
3087,17.0,16.333333333333332,6.0,7.333333333333333
3263,9.0,11.333333333333334,17.0,15.666666666666666
2708,7.0,8.666666666666666,11.0,10.666666666666666
3783,8.0,8.333333333333334,13.0,12.666666666666666
3112,9.0,10.333333333333334,9.0,10.666666666666666
817,9.0,8.333333333333334,11.0,9.333333333333334
1473,7.0,8.333333333333334,7.0,8.0
3326,11.0,9.666666666666666,9.0,10.666666666666666
1175,9.0,11.333333333333334,18.0,16.666666666666668
567,9.0,8.666666666666666,10.0,11.0
2864,4.0,5.0,11.0,10.333333333333334
1981,8.0,8.0,8.0,9.333333333333334
2328,8.0,7.333333333333333,9.0,9.0
3204,12.0,11.333333333333334,8.0,8.0
1123,4.0,3.6666666666666665,9.0,10.666666666666666
2727,10.0,8.666666666666666,15.0,9.333333333333334
3649,7.0,7.333333333333333,8.0,7.0
202,8.0,8.333333333333334,7.0,10.333333333333334
3023,9.0,8.666666666666666,13.0,9.333333333333334
1842,20.0,15.333333333333334,8.0,12.0
3432,12.0,11.0,9.0,11.666666666666666
3715,11.0,10.666666666666666,19.0,11.0
2098,12.0,11.333333333333334,5.0,4.333333333333333
3535,8.0,9.333333333333334,7.0,7.0
329,10.0,9.0,9.0,11.666666666666666
2661,9.0,9.666666666666666,11.0,11.0
3327,10.0,10.333333333333334,13.0,11.333333333333334
2600,7.0,7.666666666666667,7.0,8.333333333333334
808,14.0,13.333333333333334,8.0,9.333333333333334
767,9.0,8.666666666666666,8.0,11.666666666666666
1895,12.0,10.666666666666666,11.0,12.333333333333334
135,12.0,16.0,7.0,8.0
303,12.0,13.666666666666666,16.0,11.0
690,8.0,9.0,9.0,10.666666666666666
2411,15.0,14.666666666666666,11.0,10.666666666666666
2824,7.0,8.0,10.0,10.0
3517,10.0,13.0,8.0,8.666666666666666
273,9.0,8.666666666666666,8.0,8.666666666666666
2937,7.0,9.0,9.0,8.0
3282,9.0,10.333333333333334,6.0,8.666666666666666
1404,7.0,6.333333333333333,12.0,9.333333333333334
229,11.0,11.666666666666666,9.0,6.666666666666667
2252,11.0,12.666666666666666,9.0,10.333333333333334
3769,8.0,9.0,12.0,12.0
2639,15.0,12.666666666666666,10.0,12.333333333333334
284,9.0,10.666666666666666,9.0,11.333333333333334
3752,11.0,10.333333333333334,10.0,12.333333333333334
716,7.0,6.333333333333333,7.0,6.333333333333333
80,11.0,10.666666666666666,9.0,11.0
3562,8.0,8.0,9.0,9.666666666666666
2071,11.0,8.666666666666666,11.0,10.0
3757,12.0,10.666666666666666,8.0,5.0
2958,6.0,7.0,11.0,9.666666666666666
3297,6.0,7.333333333333333,13.0,14.0
749,7.0,6.666666666666667,10.0,8.333333333333334
3092,20.0,17.0,10.0,11.666666666666666
3621,9.0,10.0,13.0,13.666666666666666
2739,9.0,9.0,12.0,8.333333333333334
3070,9.0,11.0,8.0,9.0
954,9.0,8.666666666666666,8.0,8.333333333333334
2778,3.0,3.6666666666666665,9.0,10.0
371,11.0,9.666666666666666,12.0,11.666666666666666
1099,8.0,8.666666666666666,14.0,12.0
3237,10.0,10.666666666666666,23.0,14.666666666666666
2477,12.0,11.666666666666666,12.0,11.333333333333334
2757,10.0,11.0,6.0,8.333333333333334
3155,8.0,10.0,15.0,16.0
2208,10.0,9.333333333333334,7.0,6.0
1608,12.0,11.333333333333334,7.0,6.666666666666667
3007,14.0,15.0,7.0,9.666666666666666
3334,6.0,7.0,10.0,10.666666666666666
2406,11.0,12.666666666666666,9.0,10.0
1864,21.0,16.666666666666668,9.0,9.0
1626,13.0,11.0,8.0,7.0
217,15.0,10.333333333333334,7.0,8.666666666666666
1499,10.0,8.666666666666666,13.0,8.333333333333334
1218,11.0,9.666666666666666,7.0,7.0
3654,13.0,15.666666666666666,6.0,5.333333333333333
3508,16.0,14.0,9.0,11.666666666666666
285,13.0,10.0,11.0,9.666666666666666
3820,8.0,8.333333333333334,13.0,14.666666666666666
1524,7.0,7.666666666666667,6.0,6.666666666666667
2572,12.0,12.0,9.0,12.0
198,16.0,18.0,8.0,9.0
465,12.0,9.0,7.0,7.333333333333333
2701,8.0,8.0,11.0,10.0
2381,13.0,10.333333333333334,10.0,12.666666666666666
1780,14.0,13.333333333333334,6.0,5.666666666666667
75,10.0,12.0,19.0,14.666666666666666
643,15.0,13.0,8.0,8.333333333333334
1464,9.0,12.666666666666666,10.0,12.666666666666666
1656,13.0,11.333333333333334,8.0,8.666666666666666
2417,9.0,10.333333333333334,13.0,9.666666666666666
1039,8.0,8.0,9.0,10.666666666666666
3089,10.0,9.333333333333334,9.0,8.333333333333334
1488,10.0,12.333333333333334,12.0,9.333333333333334
2035,8.0,9.666666666666666,10.0,10.0
1140,9.0,9.333333333333334,7.0,8.333333333333334
3173,9.0,10.333333333333334,9.0,9.666666666666666
54,7.0,7.666666666666667,10.0,10.333333333333334
2941,8.0,8.333333333333334,19.0,9.333333333333334
1370,11.0,11.0,5.0,6.333333333333333
1187,9.0,9.0,11.0,7.0
1006,11.0,10.333333333333334,22.0,17.333333333333332
537,8.0,11.666666666666666,15.0,13.333333333333334
1007,8.0,9.0,5.0,5.333333333333333
408,9.0,10.0,15.0,10.333333333333334
1910,14.0,11.0,21.0,11.0
2718,10.0,10.0,7.0,6.333333333333333
2114,8.0,7.666666666666667,10.0,10.666666666666666
1000,9.0,8.666666666666666,18.0,18.333333333333332
3187,16.0,11.333333333333334,10.0,11.0
2650,10.0,8.666666666666666,20.0,17.333333333333332
758,13.0,11.333333333333334,9.0,10.0
2334,10.0,10.0,7.0,10.0
1350,20.0,15.0,9.0,13.666666666666666
1158,8.0,8.333333333333334,14.0,13.666666666666666
562,14.0,19.0,11.0,11.666666666666666
3692,9.0,9.333333333333334,12.0,13.333333333333334
3780,8.0,7.0,10.0,12.333333333333334
3503,8.0,10.666666666666666,13.0,9.0
1338,8.0,7.666666666666667,13.0,9.333333333333334
2660,11.0,11.333333333333334,6.0,4.333333333333333
1364,5.0,6.333333333333333,10.0,9.0
3150,9.0,12.0,6.0,7.0
652,8.0,8.0,12.0,13.0
65,12.0,11.0,8.0,8.333333333333334
2405,13.0,16.0,11.0,9.666666666666666
1407,7.0,6.666666666666667,11.0,12.0
2568,9.0,8.0,8.0,5.666666666666667
3061,8.0,8.333333333333334,6.0,7.666666666666667
2413,11.0,10.666666666666666,17.0,10.333333333333334
2200,9.0,8.666666666666666,7.0,6.0
713,6.0,6.333333333333333,11.0,13.333333333333334
3891,6.0,7.0,10.0,8.666666666666666
1680,10.0,9.333333333333334,10.0,10.333333333333334
2814,9.0,10.0,22.0,13.666666666666666
1727,7.0,7.0,11.0,10.333333333333334
2780,6.0,7.333333333333333,10.0,10.666666666666666
1892,9.0,6.666666666666667,18.0,10.0
750,9.0,8.666666666666666,10.0,12.333333333333334
1425,10.0,14.666666666666666,10.0,10.333333333333334
3815,17.0,13.0,13.0,10.0
3577,13.0,11.0,9.0,10.666666666666666
3075,12.0,11.0,7.0,8.333333333333334
3463,10.0,12.666666666666666,11.0,11.333333333333334
852,7.0,9.666666666666666,7.0,7.666666666666667
1640,5.0,5.666666666666667,10.0,9.0
832,10.0,9.0,10.0,9.666666666666666
3888,8.0,8.666666666666666,11.0,9.333333333333334
2221,13.0,11.666666666666666,18.0,11.333333333333334
1538,9.0,9.666666666666666,5.0,5.666666666666667
2093,3.0,4.0,10.0,9.666666666666666
2679,9.0,9.666666666666666,12.0,13.666666666666666
3471,11.0,10.0,14.0,10.333333333333334
3826,10.0,9.666666666666666,12.0,11.0
838,8.0,9.666666666666666,11.0,10.666666666666666
2626,10.0,10.666666666666666,11.0,10.0
20,7.0,7.666666666666667,11.0,14.666666666666666
2831,10.0,11.0,12.0,11.0
2506,9.0,9.0,7.0,8.0
2974,11.0,12.666666666666666,10.0,9.333333333333334
1935,11.0,11.666666666666666,9.0,11.0
2662,15.0,12.333333333333334,9.0,8.333333333333334
1371,7.0,6.0,9.0,8.0
487,9.0,9.666666666666666,15.0,13.666666666666666
3565,8.0,8.0,7.0,7.333333333333333
206,11.0,11.0,12.0,13.333333333333334
3833,7.0,7.333333333333333,10.0,9.0
288,6.0,6.666666666666667,9.0,9.0
3756,7.0,7.333333333333333,11.0,11.333333333333334
1736,12.0,10.0,16.0,14.666666666666666
369,9.0,8.666666666666666,12.0,14.333333333333334
1644,14.0,13.0,17.0,13.0
2108,7.0,6.333333333333333,10.0,11.0
3352,16.0,16.666666666666668,9.0,10.0
1546,11.0,9.333333333333334,10.0,9.666666666666666
1796,8.0,8.333333333333334,18.0,10.333333333333334
101,11.0,10.666666666666666,7.0,7.666666666666667
2049,10.0,9.0,9.0,9.0
787,12.0,10.666666666666666,10.0,11.0
2664,15.0,14.333333333333334,10.0,10.333333333333334
464,12.0,15.0,9.0,11.0
2890,9.0,9.0,14.0,11.333333333333334
1230,9.0,9.0,7.0,6.666666666666667
1449,8.0,8.333333333333334,6.0,7.333333333333333
3730,6.0,6.333333333333333,10.0,13.666666666666666
233,11.0,11.666666666666666,5.0,5.666666666666667
2002,10.0,10.666666666666666,12.0,10.666666666666666
3722,10.0,11.333333333333334,7.0,6.666666666666667
3496,10.0,10.0,12.0,11.0
3005,19.0,13.0,4.0,4.666666666666667
1511,19.0,13.0,15.0,15.0
1069,8.0,8.333333333333334,10.0,11.0
1355,9.0,9.333333333333334,9.0,12.0
3712,9.0,8.666666666666666,6.0,6.0
3608,9.0,10.0,12.0,12.666666666666666
261,15.0,15.0,17.0,11.0
154,10.0,10.0,16.0,16.666666666666668
979,12.0,9.0,10.0,12.0
2795,18.0,15.0,12.0,10.0
2820,9.0,8.666666666666666,12.0,9.666666666666666
2663,8.0,9.0,13.0,11.0
306,7.0,7.0,9.0,11.666666666666666
2013,9.0,9.333333333333334,10.0,11.333333333333334
3014,10.0,10.333333333333334,7.0,7.333333333333333
923,11.0,10.333333333333334,10.0,13.333333333333334
3191,11.0,11.333333333333334,9.0,10.666666666666666
1203,15.0,10.666666666666666,14.0,11.333333333333334
3818,17.0,15.333333333333334,11.0,12.0
2073,10.0,9.666666666666666,14.0,12.333333333333334
1498,9.0,9.333333333333334,9.0,11.0
2690,13.0,11.0,9.0,11.0
2931,7.0,7.666666666666667,8.0,7.333333333333333
2373,7.0,6.666666666666667,6.0,6.0
801,6.0,6.333333333333333,9.0,11.666666666666666
1772,11.0,10.333333333333334,9.0,10.333333333333334
3298,10.0,11.333333333333334,10.0,13.0
3220,5.0,4.666666666666667,11.0,12.666666666666666
1674,14.0,16.333333333333332,10.0,9.0
1860,8.0,7.333333333333333,7.0,6.333333333333333
444,7.0,7.0,9.0,10.0
891,12.0,11.333333333333334,10.0,14.0
1231,10.0,9.666666666666666,11.0,11.0
2388,8.0,7.0,8.0,11.0
1715,11.0,11.0,14.0,10.333333333333334
1943,15.0,11.0,19.0,9.333333333333334
3290,10.0,10.333333333333334,9.0,10.0
2255,10.0,13.0,12.0,10.333333333333334
1147,7.0,7.0,4.0,5.666666666666667
2386,14.0,10.666666666666666,9.0,10.0
3109,22.0,13.666666666666666,10.0,8.0
2717,9.0,10.666666666666666,16.0,14.333333333333334
1479,11.0,11.333333333333334,11.0,10.333333333333334
3320,7.0,6.666666666666667,4.0,4.333333333333333
2988,6.0,6.666666666666667,10.0,9.666666666666666
585,15.0,12.666666666666666,8.0,10.333333333333334
779,5.0,5.0,6.0,7.333333333333333
2861,11.0,9.0,9.0,11.666666666666666
3355,9.0,9.666666666666666,13.0,12.666666666666666
3647,9.0,9.666666666666666,10.0,11.333333333333334
1681,7.0,7.666666666666667,9.0,9.0
102,13.0,15.333333333333334,6.0,6.666666666666667
2393,13.0,12.0,9.0,9.333333333333334
1858,11.0,11.333333333333334,11.0,11.333333333333334
2022,11.0,14.333333333333334,5.0,4.0
3031,10.0,10.666666666666666,12.0,9.666666666666666
3559,5.0,6.333333333333333,11.0,9.333333333333334
3361,10.0,10.333333333333334,9.0,9.333333333333334
2722,7.0,9.0,4.0,5.666666666666667
2122,15.0,11.333333333333334,8.0,10.0
775,10.0,10.333333333333334,8.0,8.0
1660,7.0,5.0,10.0,10.0
1033,9.0,9.0,9.0,9.333333333333334
3564,12.0,12.0,8.0,9.333333333333334
1623,9.0,9.0,17.0,12.666666666666666
3742,14.0,10.666666666666666,18.0,11.333333333333334
3482,10.0,9.333333333333334,15.0,9.666666666666666
2056,15.0,13.0,12.0,12.666666666666666
2970,8.0,10.333333333333334,8.0,10.333333333333334
3231,10.0,9.666666666666666,9.0,11.333333333333334
1283,11.0,12.666666666666666,18.0,12.666666666666666
2225,9.0,9.0,13.0,14.0
2567,8.0,9.666666666666666,11.0,10.666666666666666
1992,11.0,14.333333333333334,9.0,9.333333333333334
153,9.0,9.666666666666666,15.0,12.0
483,10.0,10.0,8.0,11.666666666666666
712,11.0,13.0,8.0,10.666666666666666
133,14.0,10.666666666666666,9.0,10.0
1579,14.0,11.333333333333334,6.0,7.333333333333333
1119,16.0,14.333333333333334,14.0,10.0
2955,8.0,7.333333333333333,5.0,6.333333333333333
3325,11.0,10.333333333333334,9.0,11.333333333333334
2817,11.0,10.0,9.0,8.0
1391,9.0,9.333333333333334,12.0,16.0
100,8.0,11.333333333333334,11.0,8.666666666666666
1400,11.0,10.333333333333334,16.0,12.333333333333334
496,12.0,11.666666666666666,11.0,9.333333333333334
1331,12.0,11.666666666666666,10.0,9.333333333333334
1276,11.0,9.333333333333334,10.0,9.666666666666666
3527,12.0,10.333333333333334,10.0,9.0
978,7.0,7.333333333333333,12.0,10.666666666666666
361,7.0,8.333333333333334,13.0,10.333333333333334
777,8.0,9.0,11.0,9.333333333333334
2714,11.0,9.0,18.0,9.333333333333334
3300,5.0,6.0,10.0,11.666666666666666
103,8.0,9.0,14.0,10.666666666666666
1184,12.0,10.333333333333334,7.0,7.0
946,7.0,8.0,12.0,7.333333333333333
1854,10.0,12.333333333333334,5.0,4.0
887,14.0,12.666666666666666,10.0,9.666666666666666
2642,9.0,11.0,10.0,9.0
48,9.0,10.666666666666666,6.0,5.666666666666667
2443,17.0,12.333333333333334,15.0,11.333333333333334
1539,9.0,9.333333333333334,11.0,9.0
985,4.0,4.0,13.0,12.333333333333334
276,8.0,12.333333333333334,13.0,10.333333333333334
1990,10.0,11.0,8.0,9.666666666666666
894,10.0,10.0,7.0,7.666666666666667
3672,16.0,14.666666666666666,8.0,11.0
645,7.0,8.0,7.0,6.666666666666667
3593,13.0,10.333333333333334,3.0,4.333333333333333
2289,8.0,11.0,8.0,8.666666666666666
42,11.0,11.0,8.0,8.666666666666666
1552,9.0,9.333333333333334,10.0,19.0
1859,10.0,9.666666666666666,6.0,8.333333333333334
212,7.0,7.333333333333333,6.0,6.0
1713,10.0,12.0,10.0,10.333333333333334
2032,11.0,10.666666666666666,8.0,10.333333333333334
1083,14.0,10.333333333333334,15.0,11.333333333333334
600,8.0,7.666666666666667,6.0,8.333333333333334
3387,8.0,10.666666666666666,7.0,6.333333333333333
2220,7.0,7.333333333333333,8.0,8.0
3131,9.0,10.333333333333334,10.0,12.0
2565,14.0,13.333333333333334,5.0,7.0
1200,9.0,8.666666666666666,10.0,10.333333333333334
1446,6.0,7.333333333333333,11.0,13.0
2340,6.0,6.333333333333333,11.0,8.666666666666666
3507,6.0,6.666666666666667,11.0,11.666666666666666
2028,21.0,16.333333333333332,5.0,4.666666666666667
2745,6.0,7.333333333333333,11.0,12.333333333333334
2007,8.0,9.0,10.0,10.666666666666666
3039,9.0,10.0,8.0,11.0
1321,11.0,11.0,6.0,7.333333333333333
3144,5.0,5.333333333333333,14.0,12.333333333333334
3047,11.0,9.333333333333334,5.0,6.666666666666667
2166,7.0,7.666666666666667,6.0,6.0
964,9.0,8.333333333333334,7.0,7.333333333333333
2,6.0,7.333333333333333,8.0,6.666666666666667
2910,11.0,10.333333333333334,10.0,10.0
3154,7.0,6.333333333333333,11.0,12.666666666666666
3033,12.0,9.666666666666666,5.0,6.666666666666667
2733,4.0,5.333333333333333,16.0,12.333333333333334
1164,7.0,6.0,6.0,7.333333333333333
2956,9.0,10.333333333333334,10.0,9.666666666666666
2398,8.0,8.0,13.0,12.0
2851,7.0,6.333333333333333,10.0,10.0
2408,11.0,10.666666666666666,13.0,9.666666666666666
2549,15.0,15.0,8.0,10.333333333333334
1994,17.0,15.333333333333334,8.0,7.0
61,6.0,6.333333333333333,9.0,7.666666666666667
3504,16.0,16.0,10.0,11.666666666666666
753,3.0,3.0,7.0,10.666666666666666
987,13.0,13.333333333333334,11.0,16.0
2479,6.0,5.666666666666667,5.0,5.0
1356,5.0,4.333333333333333,10.0,9.333333333333334
1379,20.0,18.666666666666668,14.0,10.333333333333334
3455,3.0,4.0,8.0,8.333333333333334
2383,7.0,7.666666666666667,14.0,14.0
1034,10.0,10.666666666666666,22.0,16.0
3257,14.0,13.0,8.0,8.333333333333334
1504,13.0,15.333333333333334,12.0,11.666666666666666
2439,9.0,9.333333333333334,9.0,12.0
1146,18.0,13.333333333333334,9.0,11.666666666666666
1556,7.0,7.333333333333333,11.0,11.0
2083,11.0,14.0,10.0,10.333333333333334
3884,10.0,11.333333333333334,8.0,10.333333333333334
1629,19.0,16.333333333333332,11.0,11.333333333333334
3553,9.0,9.666666666666666,10.0,9.0
1451,9.0,9.333333333333334,8.0,8.0
732,9.0,9.333333333333334,9.0,7.333333333333333
1821,13.0,15.333333333333334,13.0,13.666666666666666
3824,8.0,7.666666666666667,8.0,12.666666666666666
1347,9.0,13.0,10.0,10.333333333333334
1622,17.0,13.666666666666666,9.0,10.0
3021,11.0,11.333333333333334,13.0,11.0
3410,10.0,9.333333333333334,12.0,11.666666666666666
2175,14.0,11.0,9.0,9.333333333333334
1128,6.0,9.333333333333334,10.0,8.666666666666666
532,6.0,6.666666666666667,13.0,14.0
1312,14.0,13.0,7.0,8.666666666666666
1673,9.0,8.333333333333334,10.0,8.666666666666666
2553,10.0,10.0,6.0,7.0
3107,13.0,11.0,19.0,13.333333333333334
792,10.0,10.0,10.0,10.0
477,10.0,12.0,13.0,11.0
789,4.0,4.666666666666667,8.0,10.333333333333334
1832,11.0,10.333333333333334,9.0,10.333333333333334
1256,7.0,8.0,16.0,14.666666666666666
2464,11.0,10.0,13.0,11.0
1954,15.0,12.0,13.0,12.0
3518,13.0,13.0,8.0,8.0
3846,6.0,6.333333333333333,14.0,13.0
3197,10.0,9.666666666666666,21.0,12.666666666666666
3182,5.0,6.0,13.0,13.666666666666666
3193,12.0,9.666666666666666,6.0,5.666666666666667
3664,5.0,5.0,10.0,11.333333333333334
1735,9.0,9.333333333333334,7.0,6.0
265,10.0,9.666666666666666,9.0,7.0
2770,10.0,10.666666666666666,6.0,5.0
2431,12.0,11.0,10.0,14.0
1968,10.0,10.666666666666666,6.0,6.666666666666667
3121,9.0,11.0,17.0,16.0
1485,14.0,13.0,10.0,8.666666666666666
2249,18.0,12.666666666666666,18.0,12.333333333333334
3886,9.0,11.333333333333334,7.0,6.333333333333333
1109,17.0,13.333333333333334,9.0,10.333333333333334
830,9.0,10.333333333333334,9.0,11.0
1121,12.0,11.666666666666666,8.0,7.333333333333333
2206,8.0,10.0,8.0,9.666666666666666
3766,12.0,14.0,11.0,10.666666666666666
1115,10.0,10.0,8.0,13.666666666666666
406,17.0,13.666666666666666,14.0,9.0
2706,10.0,10.666666666666666,11.0,8.333333333333334
2542,7.0,9.333333333333334,8.0,8.333333333333334
2018,11.0,9.333333333333334,12.0,9.333333333333334
1787,13.0,10.666666666666666,5.0,7.333333333333333
391,12.0,11.666666666666666,9.0,6.666666666666667
780,10.0,10.666666666666666,9.0,8.333333333333334
1726,10.0,8.666666666666666,6.0,6.333333333333333
438,6.0,8.333333333333334,16.0,13.333333333333334
1087,11.0,10.0,11.0,10.666666666666666
2278,12.0,10.666666666666666,11.0,10.333333333333334
3790,15.0,15.0,12.0,13.333333333333334
3013,7.0,7.333333333333333,6.0,7.0
3341,12.0,11.333333333333334,10.0,10.333333333333334
293,10.0,9.666666666666666,6.0,10.0
901,5.0,4.333333333333333,7.0,8.0
50,8.0,8.333333333333334,6.0,6.666666666666667
702,14.0,12.666666666666666,16.0,11.333333333333334
2070,9.0,9.333333333333334,10.0,9.0
1294,10.0,9.333333333333334,13.0,11.0
181,8.0,7.666666666666667,8.0,9.666666666666666
481,11.0,9.333333333333334,5.0,4.666666666666667
3448,10.0,9.0,8.0,9.666666666666666
2333,15.0,11.333333333333334,9.0,10.0
1124,9.0,9.333333333333334,14.0,12.0
193,18.0,19.0,14.0,15.666666666666666
2557,5.0,5.333333333333333,11.0,12.333333333333334
2332,12.0,10.0,14.0,11.0
1014,9.0,9.666666666666666,8.0,11.333333333333334
1725,7.0,6.0,10.0,13.333333333333334
3467,9.0,10.0,10.0,9.0
2594,8.0,9.0,8.0,9.666666666666666
3356,13.0,12.0,14.0,10.0
314,9.0,10.333333333333334,9.0,12.333333333333334
2210,6.0,7.333333333333333,7.0,8.0
2089,15.0,11.333333333333334,10.0,10.666666666666666
994,5.0,5.0,10.0,12.333333333333334
3163,11.0,11.333333333333334,10.0,10.333333333333334
1553,11.0,10.666666666666666,6.0,4.0
2472,14.0,11.333333333333334,13.0,11.333333333333334
2487,9.0,10.333333333333334,8.0,8.333333333333334
334,8.0,7.666666666666667,4.0,5.0
2828,10.0,8.0,17.0,10.333333333333334
2029,13.0,14.0,10.0,11.0
7,10.0,10.333333333333334,8.0,8.333333333333334
2113,9.0,8.666666666666666,10.0,10.0
1402,9.0,9.333333333333334,8.0,8.666666666666666
874,17.0,13.0,10.0,11.333333333333334
1319,14.0,11.333333333333334,8.0,9.0
297,8.0,8.666666666666666,12.0,11.666666666666666
2423,25.0,17.333333333333332,12.0,10.0
2299,4.0,5.666666666666667,10.0,11.0
628,10.0,10.0,9.0,8.0
2997,10.0,10.333333333333334,5.0,5.0
113,11.0,10.666666666666666,11.0,10.0
2694,11.0,10.666666666666666,9.0,7.333333333333333
1077,15.0,11.333333333333334,9.0,7.666666666666667
1238,10.0,10.666666666666666,12.0,8.666666666666666
2000,12.0,14.666666666666666,5.0,5.333333333333333
499,13.0,9.0,10.0,10.333333333333334
3058,8.0,7.666666666666667,7.0,6.333333333333333
169,7.0,6.0,12.0,10.0
367,9.0,9.0,8.0,8.0
2569,6.0,7.333333333333333,10.0,9.666666666666666
649,7.0,6.666666666666667,7.0,7.0
3382,9.0,11.333333333333334,11.0,11.333333333333334
2945,11.0,14.333333333333334,8.0,8.666666666666666
2878,15.0,13.333333333333334,6.0,7.333333333333333
3574,13.0,13.0,11.0,11.333333333333334
2211,9.0,9.333333333333334,11.0,10.0
2217,10.0,10.0,8.0,6.666666666666667
3210,12.0,15.0,10.0,9.0
3875,9.0,9.0,13.0,8.666666666666666
615,12.0,9.333333333333334,9.0,12.666666666666666
1771,8.0,7.666666666666667,8.0,8.333333333333334
2132,8.0,8.666666666666666,8.0,9.666666666666666
3652,9.0,9.333333333333334,7.0,5.666666666666667
3011,11.0,11.333333333333334,11.0,10.0
3703,13.0,9.666666666666666,14.0,18.0
2234,13.0,10.666666666666666,13.0,9.0
360,11.0,11.0,11.0,10.333333333333334
2317,11.0,9.333333333333334,12.0,10.0
2906,14.0,10.333333333333334,8.0,8.0
3386,10.0,9.333333333333334,10.0,10.0
60,10.0,10.666666666666666,6.0,5.0
1924,7.0,5.666666666666667,6.0,7.333333333333333
2037,7.0,7.333333333333333,16.0,12.666666666666666
1897,11.0,13.333333333333334,9.0,9.333333333333334
3016,11.0,12.333333333333334,12.0,11.666666666666666
1866,10.0,9.333333333333334,6.0,6.666666666666667
2326,11.0,11.0,6.0,6.666666666666667
3078,10.0,10.666666666666666,11.0,12.333333333333334
667,11.0,10.666666666666666,8.0,6.333333333333333
2695,9.0,9.333333333333334,9.0,9.333333333333334
3584,10.0,10.0,9.0,10.333333333333334
2609,8.0,10.0,7.0,7.333333333333333
3330,13.0,10.666666666666666,8.0,9.333333333333334
3369,9.0,9.333333333333334,8.0,9.0
32,7.0,12.333333333333334,19.0,16.666666666666668
2039,9.0,8.666666666666666,6.0,9.666666666666666
3714,9.0,10.666666666666666,8.0,9.0
827,9.0,9.666666666666666,10.0,8.666666666666666
733,11.0,10.333333333333334,8.0,6.333333333333333
2171,10.0,9.333333333333334,8.0,12.0
1812,10.0,13.0,11.0,8.666666666666666
1015,11.0,8.666666666666666,15.0,10.666666666666666
35,8.0,8.333333333333334,9.0,12.666666666666666
3478,12.0,9.666666666666666,10.0,11.0
970,9.0,8.0,12.0,12.0
556,6.0,7.0,9.0,7.333333333333333
1462,9.0,9.333333333333334,7.0,10.0
127,11.0,10.333333333333334,9.0,11.333333333333334
134,6.0,6.666666666666667,4.0,4.0
969,8.0,8.0,13.0,5.666666666666667
3856,9.0,9.666666666666666,10.0,10.0
1951,9.0,10.0,9.0,9.666666666666666
343,6.0,6.0,5.0,7.0
374,7.0,7.333333333333333,10.0,9.666666666666666
862,14.0,11.0,9.0,10.0
605,10.0,10.333333333333334,11.0,11.0
402,6.0,7.0,10.0,8.333333333333334
1732,16.0,13.666666666666666,6.0,4.333333333333333
823,8.0,8.0,14.0,17.0
3786,10.0,11.0,11.0,9.333333333333334
1615,9.0,9.0,16.0,11.333333333333334
1733,12.0,11.333333333333334,12.0,11.0
561,11.0,9.666666666666666,8.0,10.0
3050,10.0,9.666666666666666,4.0,5.0
3445,9.0,8.333333333333334,6.0,16.333333333333332
950,9.0,10.333333333333334,10.0,9.333333333333334
2761,5.0,6.666666666666667,7.0,6.666666666666667
428,11.0,9.666666666666666,14.0,17.0
3051,6.0,6.666666666666667,9.0,8.666666666666666
3708,12.0,9.0,12.0,9.333333333333334
3707,11.0,11.666666666666666,6.0,5.333333333333333
3115,11.0,10.0,10.0,11.333333333333334
1477,10.0,10.0,8.0,8.333333333333334
3046,12.0,11.666666666666666,17.0,14.666666666666666
1774,10.0,9.333333333333334,15.0,10.666666666666666
2892,8.0,10.333333333333334,9.0,8.666666666666666
933,7.0,7.333333333333333,9.0,10.333333333333334
2401,13.0,11.0,10.0,8.333333333333334
2015,8.0,8.333333333333334,10.0,11.0
1855,9.0,9.333333333333334,19.0,11.333333333333334
504,10.0,11.0,8.0,10.333333333333334
3137,5.0,4.666666666666667,7.0,6.666666666666667
424,9.0,9.333333333333334,12.0,13.0
2830,11.0,11.0,20.0,14.333333333333334
2545,10.0,9.333333333333334,9.0,10.666666666666666
2884,8.0,8.666666666666666,6.0,6.333333333333333
1532,8.0,10.333333333333334,13.0,11.0
1826,13.0,11.666666666666666,8.0,9.333333333333334
656,10.0,10.666666666666666,9.0,7.666666666666667
1746,7.0,7.333333333333333,8.0,9.333333333333334
2160,11.0,11.666666666666666,10.0,10.333333333333334
2447,10.0,10.333333333333334,11.0,12.0
1269,9.0,10.666666666666666,7.0,7.333333333333333
2452,9.0,9.0,13.0,11.666666666666666
1995,12.0,10.0,7.0,9.666666666666666
1581,17.0,15.666666666666666,8.0,10.333333333333334
119,7.0,7.0,9.0,9.0
2973,13.0,15.0,8.0,10.666666666666666
2074,10.0,10.333333333333334,9.0,6.666666666666667
3551,7.0,8.0,7.0,6.666666666666667
2319,19.0,16.666666666666668,10.0,10.666666666666666
971,9.0,8.666666666666666,8.0,9.0
1328,11.0,11.333333333333334,6.0,7.333333333333333
25,12.0,12.666666666666666,10.0,12.0
3592,17.0,15.333333333333334,8.0,7.333333333333333
2949,9.0,9.333333333333334,11.0,10.333333333333334
1745,6.0,6.666666666666667,8.0,7.666666666666667
1986,10.0,9.333333333333334,12.0,13.0
3615,11.0,11.333333333333334,8.0,10.0
1062,14.0,12.0,11.0,12.666666666666666
1250,10.0,9.666666666666666,4.0,5.0
2087,12.0,12.0,9.0,9.666666666666666
2811,8.0,9.666666666666666,13.0,12.666666666666666
1191,10.0,9.0,5.0,6.333333333333333
1724,19.0,14.666666666666666,8.0,9.333333333333334
1207,8.0,9.0,10.0,14.333333333333334
1757,12.0,11.333333333333334,6.0,6.333333333333333
802,10.0,10.666666666666666,17.0,11.333333333333334
2837,6.0,6.333333333333333,14.0,10.0
1949,13.0,15.333333333333334,9.0,11.0
2669,7.0,8.0,15.0,12.0
1941,7.0,8.666666666666666,6.0,6.333333333333333
3872,8.0,8.666666666666666,9.0,10.666666666666666
2791,11.0,12.0,10.0,7.666666666666667
3239,16.0,13.333333333333334,12.0,11.666666666666666
924,14.0,12.0,13.0,16.333333333333332
1308,5.0,6.0,19.0,14.666666666666666
386,8.0,10.0,6.0,7.333333333333333
3660,11.0,11.0,8.0,8.0
312,6.0,6.0,10.0,11.666666666666666
2809,9.0,9.333333333333334,10.0,6.666666666666667
1497,16.0,16.0,9.0,9.0
3037,13.0,10.333333333333334,7.0,6.0
3030,9.0,8.333333333333334,9.0,9.333333333333334
454,10.0,10.333333333333334,6.0,6.333333333333333
3864,7.0,7.0,3.0,4.666666666666667
866,10.0,10.666666666666666,8.0,8.333333333333334
1242,8.0,7.333333333333333,10.0,11.0
1729,29.0,18.333333333333332,10.0,10.0
3324,6.0,6.333333333333333,9.0,10.333333333333334
720,8.0,10.0,6.0,7.0
534,10.0,10.333333333333334,12.0,10.333333333333334
381,6.0,6.333333333333333,7.0,10.0
3136,7.0,8.333333333333334,4.0,4.666666666666667
242,10.0,11.333333333333334,10.0,7.333333333333333
3376,12.0,13.0,7.0,7.333333333333333
399,19.0,18.0,12.0,13.666666666666666
1957,10.0,9.333333333333334,11.0,10.666666666666666
3366,11.0,10.666666666666666,8.0,10.0
2174,6.0,6.333333333333333,15.0,9.333333333333334
1244,11.0,10.333333333333334,8.0,9.333333333333334
3247,8.0,8.666666666666666,7.0,7.666666666666667
1342,16.0,12.333333333333334,7.0,8.333333333333334
1386,17.0,16.0,14.0,11.333333333333334
2667,12.0,11.333333333333334,14.0,16.0
1368,10.0,10.0,7.0,7.333333333333333
2917,7.0,6.333333333333333,7.0,6.666666666666667
3161,7.0,6.666666666666667,14.0,11.0
2092,10.0,10.666666666666666,11.0,11.0
1853,9.0,12.333333333333334,6.0,7.0
3177,9.0,7.0,8.0,10.0
3619,12.0,14.333333333333334,8.0,8.0
2524,6.0,7.0,10.0,15.0
3363,13.0,12.666666666666666,17.0,18.0
413,11.0,8.333333333333334,13.0,11.333333333333334
2630,6.0,6.666666666666667,9.0,8.666666666666666
836,7.0,7.333333333333333,18.0,13.0
2283,5.0,6.0,10.0,9.333333333333334
358,9.0,9.333333333333334,21.0,16.0
1348,6.0,8.333333333333334,9.0,11.333333333333334
743,12.0,10.666666666666666,8.0,9.666666666666666
3539,5.0,5.666666666666667,11.0,12.666666666666666
19,6.0,6.0,8.0,8.0
3616,5.0,7.666666666666667,7.0,8.333333333333334
3416,8.0,7.666666666666667,20.0,10.0
2456,7.0,6.666666666666667,8.0,11.0
921,10.0,9.666666666666666,11.0,12.0
3545,12.0,10.0,23.0,10.666666666666666
1220,12.0,13.0,7.0,7.0
650,8.0,7.0,7.0,8.666666666666666
2497,8.0,9.0,11.0,6.666666666666667
1343,9.0,9.333333333333334,7.0,7.0
642,11.0,10.333333333333334,19.0,11.0
58,8.0,9.333333333333334,8.0,6.666666666666667
1361,12.0,11.666666666666666,9.0,9.333333333333334
3618,5.0,5.0,15.0,10.666666666666666
566,10.0,10.666666666666666,7.0,6.666666666666667
3333,10.0,14.0,15.0,13.0
3230,8.0,8.0,10.0,9.666666666666666
3086,10.0,12.666666666666666,8.0,9.333333333333334
2499,16.0,12.333333333333334,6.0,6.333333333333333
1531,8.0,7.0,11.0,10.333333333333334
2167,7.0,8.0,10.0,9.0
3055,14.0,14.666666666666666,12.0,10.0
296,14.0,12.666666666666666,10.0,7.333333333333333
3305,7.0,6.666666666666667,4.0,6.333333333333333
1098,6.0,7.666666666666667,9.0,8.0
3682,11.0,13.0,12.0,10.333333333333334
2774,11.0,11.333333333333334,8.0,7.0
2707,11.0,10.333333333333334,11.0,12.0
1530,11.0,14.0,12.0,10.333333333333334
396,9.0,9.0,9.0,8.333333333333334
365,6.0,5.666666666666667,10.0,9.333333333333334
2287,10.0,9.666666666666666,12.0,13.333333333333334
1909,11.0,11.0,5.0,6.666666666666667
2050,11.0,14.333333333333334,13.0,10.333333333333334
3281,9.0,8.666666666666666,7.0,10.333333333333334
3568,8.0,8.666666666666666,11.0,9.333333333333334
3805,8.0,10.666666666666666,14.0,10.666666666666666
335,6.0,6.333333333333333,10.0,9.333333333333334
731,13.0,9.666666666666666,8.0,9.0
2138,12.0,10.0,23.0,14.333333333333334
3771,10.0,11.666666666666666,11.0,12.666666666666666
308,8.0,8.333333333333334,7.0,8.333333333333334
2656,6.0,10.333333333333334,10.0,9.666666666666666
1286,9.0,9.333333333333334,11.0,11.0
3026,8.0,8.0,9.0,9.0
1047,10.0,11.0,8.0,7.333333333333333
109,10.0,9.0,9.0,7.666666666666667
3379,10.0,9.333333333333334,6.0,7.666666666666667
719,9.0,9.0,10.0,8.666666666666666
2374,9.0,9.333333333333334,11.0,9.0
2432,11.0,11.0,13.0,10.666666666666666
1904,7.0,8.666666666666666,9.0,8.0
1754,8.0,8.666666666666666,17.0,13.0
2496,9.0,9.666666666666666,12.0,13.666666666666666
3435,8.0,6.666666666666667,6.0,8.333333333333334
1571,11.0,10.333333333333334,10.0,14.333333333333334
3409,8.0,7.333333333333333,5.0,5.0
2525,12.0,9.0,9.0,9.333333333333334
2261,13.0,11.666666666666666,10.0,9.666666666666666
1078,11.0,11.0,8.0,8.0
581,11.0,11.0,8.0,10.666666666666666
895,17.0,16.0,7.0,8.666666666666666
2896,17.0,15.0,7.0,7.666666666666667
1846,21.0,17.666666666666668,9.0,10.666666666666666
185,11.0,10.666666666666666,11.0,10.333333333333334
1120,12.0,10.666666666666666,7.0,8.333333333333334
3596,6.0,7.666666666666667,7.0,8.333333333333334
1823,9.0,10.333333333333334,8.0,7.333333333333333
2358,8.0,9.666666666666666,8.0,10.333333333333334
2991,11.0,9.333333333333334,13.0,10.0
111,9.0,8.333333333333334,7.0,9.333333333333334
3486,9.0,10.0,14.0,6.666666666666667
3323,10.0,10.0,12.0,12.666666666666666
2091,18.0,15.666666666666666,10.0,10.666666666666666
2343,7.0,9.0,11.0,10.333333333333334
2302,9.0,8.666666666666666,6.0,6.666666666666667
2425,9.0,11.0,13.0,12.0
982,8.0,6.666666666666667,7.0,6.0
1126,12.0,10.333333333333334,11.0,10.0
3233,7.0,9.666666666666666,9.0,9.666666666666666
1791,9.0,9.666666666666666,8.0,8.0
2990,7.0,7.666666666666667,27.0,14.0
715,9.0,9.666666666666666,10.0,11.333333333333334
1817,6.0,6.333333333333333,8.0,7.333333333333333
3417,8.0,9.666666666666666,11.0,9.333333333333334
3490,8.0,6.333333333333333,8.0,8.0
1593,15.0,12.0,9.0,10.333333333333334
2508,11.0,11.0,17.0,18.0
3440,10.0,10.666666666666666,15.0,12.666666666666666
3009,16.0,16.333333333333332,15.0,8.0
3027,18.0,14.0,8.0,6.666666666666667
1750,9.0,8.0,16.0,10.333333333333334
797,9.0,8.333333333333334,6.0,7.0
2681,9.0,9.0,6.0,5.0
457,9.0,7.666666666666667,9.0,10.0
644,10.0,16.0,9.0,8.0
310,8.0,9.0,10.0,10.0
1647,4.0,3.6666666666666665,8.0,8.333333333333334
505,9.0,10.333333333333334,15.0,11.333333333333334
3143,9.0,9.0,12.0,9.333333333333334
2926,11.0,11.0,12.0,8.666666666666666
2576,10.0,10.0,13.0,10.666666666666666
2776,10.0,10.0,7.0,7.333333333333333
1213,11.0,10.666666666666666,13.0,11.0
2726,14.0,11.0,10.0,13.333333333333334
1939,5.0,6.333333333333333,12.0,9.333333333333334
1366,12.0,12.0,12.0,11.0
1965,9.0,10.333333333333334,18.0,15.0
3395,10.0,8.666666666666666,11.0,10.333333333333334
3494,8.0,10.0,9.0,11.0
3264,12.0,10.333333333333334,7.0,6.0
3620,9.0,9.666666666666666,9.0,11.0
539,9.0,9.0,8.0,7.666666666666667
558,9.0,10.0,10.0,13.333333333333334
2762,7.0,6.666666666666667,10.0,8.333333333333334
3563,13.0,11.666666666666666,16.0,15.333333333333334
280,12.0,10.0,8.0,9.0
3740,11.0,11.0,9.0,11.333333333333334
3393,16.0,13.333333333333334,8.0,11.666666666666666
1975,5.0,4.333333333333333,19.0,9.666666666666666
1216,11.0,11.0,20.0,14.333333333333334
717,10.0,12.0,11.0,8.666666666666666
520,8.0,7.666666666666667,10.0,10.333333333333334
2275,10.0,12.0,9.0,8.666666666666666
3315,9.0,7.333333333333333,11.0,13.0
417,15.0,13.0,16.0,16.666666666666668
44,8.0,7.666666666666667,10.0,13.0
2520,13.0,11.0,9.0,9.666666666666666
1302,9.0,9.666666666666666,9.0,9.0
3633,4.0,3.6666666666666665,8.0,10.666666666666666
1004,10.0,9.666666666666666,9.0,12.333333333333334
515,10.0,10.333333333333334,13.0,15.0
3810,5.0,4.0,12.0,14.333333333333334
1666,12.0,13.333333333333334,5.0,4.666666666666667
542,10.0,13.333333333333334,3.0,4.333333333333333
3806,9.0,9.666666666666666,9.0,9.333333333333334
3338,12.0,12.0,11.0,11.0
1482,11.0,11.333333333333334,7.0,8.0
1843,11.0,12.666666666666666,7.0,6.666666666666667
560,8.0,9.0,7.0,7.666666666666667
2562,17.0,16.0,17.0,16.333333333333332
1807,4.0,4.0,10.0,10.333333333333334
1515,8.0,8.666666666666666,5.0,6.666666666666667
3441,9.0,12.0,13.0,11.0
2182,9.0,10.333333333333334,11.0,10.0
3272,15.0,13.666666666666666,9.0,10.0
742,10.0,9.666666666666666,13.0,14.333333333333334
944,8.0,8.666666666666666,5.0,7.0
3657,11.0,8.666666666666666,8.0,8.333333333333334
3018,13.0,10.333333333333334,10.0,9.666666666666666
1938,10.0,10.333333333333334,8.0,9.333333333333334
1542,11.0,13.666666666666666,18.0,10.333333333333334
2480,10.0,12.0,17.0,11.333333333333334
1612,5.0,4.666666666666667,6.0,5.333333333333333
2375,10.0,10.333333333333334,15.0,10.333333333333334
1159,9.0,12.333333333333334,6.0,5.333333333333333
1470,11.0,9.333333333333334,10.0,9.0
2895,6.0,7.666666666666667,8.0,8.666666666666666
3481,9.0,7.666666666666667,15.0,12.333333333333334
2403,14.0,14.666666666666666,10.0,10.666666666666666
3843,11.0,11.0,11.0,9.666666666666666
1185,10.0,9.333333333333334,11.0,12.333333333333334
3793,8.0,7.666666666666667,12.0,11.0
3713,11.0,11.333333333333334,11.0,12.666666666666666
2651,7.0,9.0,6.0,4.333333333333333
2453,9.0,9.0,9.0,8.0
2720,14.0,11.0,8.0,8.333333333333334
1065,8.0,9.0,11.0,10.666666666666666
1624,8.0,7.0,11.0,11.0
975,11.0,11.0,8.0,7.333333333333333
880,10.0,8.666666666666666,12.0,12.0
626,8.0,8.333333333333334,12.0,11.333333333333334
3867,8.0,8.0,10.0,10.0
3857,10.0,9.666666666666666,12.0,11.0
741,10.0,10.0,6.0,6.0
1316,5.0,6.666666666666667,10.0,9.666666666666666
3603,9.0,9.333333333333334,7.0,7.0
3418,9.0,11.333333333333334,10.0,12.0
2800,7.0,7.0,14.0,9.666666666666666
2377,10.0,10.333333333333334,21.0,16.0
125,9.0,9.333333333333334,8.0,9.666666666666666
1614,18.0,14.666666666666666,11.0,12.0
2860,12.0,12.0,8.0,7.333333333333333
3548,9.0,8.333333333333334,11.0,11.666666666666666
2059,9.0,10.0,6.0,7.0
2131,7.0,6.333333333333333,10.0,8.333333333333334
2292,11.0,12.333333333333334,4.0,5.666666666666667
3558,8.0,8.0,11.0,10.666666666666666
1852,8.0,9.666666666666666,9.0,8.666666666666666
1428,5.0,6.666666666666667,8.0,9.333333333333334
2995,7.0,6.333333333333333,8.0,9.333333333333334
2743,5.0,6.0,10.0,9.0
3665,14.0,10.333333333333334,15.0,9.333333333333334
1764,9.0,9.333333333333334,10.0,7.666666666666667
739,11.0,10.0,9.0,9.333333333333334
1189,8.0,8.333333333333334,7.0,7.666666666666667
2097,6.0,8.0,9.0,9.666666666666666
3367,11.0,11.0,14.0,12.666666666666666
1602,9.0,8.0,11.0,12.666666666666666
2847,7.0,11.0,11.0,11.333333333333334
2503,7.0,9.333333333333334,5.0,4.333333333333333
3751,11.0,12.0,10.0,10.0
1929,14.0,19.666666666666668,15.0,15.0
2504,10.0,10.333333333333334,10.0,9.333333333333334
2653,12.0,10.0,13.0,9.666666666666666
364,13.0,11.333333333333334,9.0,7.0
726,9.0,9.333333333333334,6.0,7.0
1270,8.0,7.666666666666667,9.0,9.666666666666666
2061,12.0,13.0,12.0,9.666666666666666
106,7.0,7.333333333333333,6.0,7.666666666666667
790,11.0,11.0,11.0,12.0
3813,7.0,7.333333333333333,10.0,11.333333333333334
2251,9.0,9.0,10.0,11.0
1315,9.0,9.666666666666666,8.0,8.333333333333334
3670,5.0,4.333333333333333,8.0,8.333333333333334
3556,9.0,10.0,23.0,11.333333333333334
1475,15.0,15.333333333333334,20.0,12.0
2382,11.0,10.0,8.0,7.333333333333333
2822,9.0,9.333333333333334,9.0,11.0
443,10.0,10.333333333333334,11.0,13.333333333333334
1097,10.0,8.666666666666666,11.0,12.666666666666666
2684,13.0,11.666666666666666,15.0,13.0
3532,8.0,8.333333333333334,13.0,12.333333333333334
51,11.0,11.0,9.0,10.666666666666666
2614,10.0,11.0,7.0,9.333333333333334
3080,9.0,10.0,8.0,8.333333333333334
2433,11.0,10.0,7.0,8.333333333333334
2554,10.0,9.333333333333334,6.0,7.666666666666667
1496,10.0,9.666666666666666,9.0,10.333333333333334
3012,9.0,9.666666666666666,10.0,10.0
1782,10.0,9.0,11.0,8.666666666666666
2146,8.0,12.333333333333334,7.0,7.666666666666667
3567,12.0,9.333333333333334,8.0,9.0
3868,8.0,8.666666666666666,10.0,9.333333333333334
635,9.0,10.0,11.0,9.0
3524,17.0,13.666666666666666,5.0,7.0
859,19.0,13.333333333333334,10.0,13.0
3232,8.0,8.666666666666666,15.0,9.333333333333334
1936,15.0,12.333333333333334,9.0,8.0
3555,12.0,13.0,7.0,7.666666666666667
1921,8.0,8.0,13.0,12.333333333333334
2551,7.0,7.666666666666667,8.0,8.666666666666666
3795,8.0,7.666666666666667,6.0,7.333333333333333
1849,14.0,11.666666666666666,5.0,4.333333333333333
3679,12.0,10.0,9.0,5.666666666666667
2118,9.0,8.333333333333334,9.0,9.666666666666666
1029,8.0,8.333333333333334,7.0,8.333333333333334
1684,11.0,10.333333333333334,9.0,8.666666666666666
2802,8.0,7.666666666666667,10.0,6.333333333333333
1335,12.0,10.666666666666666,9.0,8.0
67,9.0,9.333333333333334,12.0,13.0
2078,10.0,10.333333333333334,9.0,10.0
1809,7.0,8.333333333333334,11.0,18.666666666666668
3329,9.0,9.666666666666666,6.0,6.333333333333333
3470,9.0,9.0,13.0,12.333333333333334
295,18.0,16.333333333333332,10.0,7.333333333333333
3194,9.0,9.0,20.0,12.333333333333334
1758,9.0,10.0,12.0,9.0
1946,9.0,8.333333333333334,11.0,6.666666666666667
3761,13.0,12.0,12.0,11.666666666666666
39,9.0,7.666666666666667,8.0,9.666666666666666
129,6.0,6.333333333333333,11.0,9.666666666666666
2215,9.0,9.333333333333334,8.0,12.666666666666666
2042,4.0,4.0,8.0,9.333333333333334
1224,7.0,7.0,9.0,10.333333333333334
1597,7.0,7.666666666666667,4.0,5.666666666666667
253,6.0,7.666666666666667,8.0,9.333333333333334
1636,18.0,14.333333333333334,3.0,4.0
3706,10.0,10.333333333333334,7.0,7.333333333333333
492,9.0,9.333333333333334,7.0,6.666666666666667
1268,11.0,10.666666666666666,10.0,10.333333333333334
2462,11.0,14.0,8.0,8.333333333333334
1797,15.0,12.666666666666666,9.0,14.0
1841,9.0,11.666666666666666,9.0,10.333333333333334
2106,11.0,10.333333333333334,19.0,12.333333333333334
3733,9.0,11.0,9.0,10.666666666666666
782,10.0,10.0,11.0,12.0
2112,13.0,16.0,10.0,10.333333333333334
2960,6.0,5.666666666666667,23.0,12.0
2455,8.0,8.666666666666666,12.0,10.333333333333334
1076,12.0,11.0,8.0,9.666666666666666
3225,11.0,9.333333333333334,10.0,16.0
2191,9.0,8.333333333333334,8.0,9.0
1011,8.0,10.666666666666666,8.0,6.666666666666667
1651,11.0,10.666666666666666,9.0,9.0
1851,10.0,10.666666666666666,10.0,8.666666666666666
2372,12.0,12.0,12.0,9.666666666666666
3711,10.0,10.333333333333334,10.0,10.666666666666666
1167,10.0,9.666666666666666,11.0,10.666666666666666
18,11.0,11.0,7.0,6.666666666666667
3834,10.0,10.333333333333334,15.0,11.0
411,13.0,10.666666666666666,7.0,8.333333333333334
3456,6.0,5.333333333333333,8.0,11.333333333333334
1829,9.0,9.666666666666666,8.0,7.333333333333333
1953,9.0,10.333333333333334,7.0,7.333333333333333
3523,6.0,5.666666666666667,9.0,10.0
313,8.0,10.0,7.0,7.666666666666667
773,8.0,10.333333333333334,10.0,14.666666666666666
422,13.0,12.666666666666666,9.0,8.333333333333334
986,8.0,8.666666666666666,10.0,10.666666666666666
2986,17.0,15.0,8.0,7.333333333333333
473,10.0,11.333333333333334,15.0,11.0
446,5.0,4.666666666666667,12.0,13.0
2347,10.0,10.0,10.0,11.333333333333334
3294,21.0,16.0,8.0,8.0
1022,10.0,10.0,8.0,8.333333333333334
1349,6.0,5.0,10.0,6.666666666666667
1002,14.0,12.0,8.0,7.333333333333333
3412,11.0,12.0,9.0,11.333333333333334
1472,12.0,10.333333333333334,7.0,6.666666666666667
1392,10.0,9.666666666666666,13.0,13.0
2905,12.0,12.333333333333334,7.0,8.0
1438,8.0,10.0,9.0,8.333333333333334
26,8.0,8.333333333333334,8.0,8.333333333333334
3526,16.0,13.0,8.0,7.333333333333333
1241,7.0,6.666666666666667,10.0,13.333333333333334
1959,9.0,9.666666666666666,8.0,7.0
2550,13.0,12.666666666666666,9.0,9.0
2825,8.0,8.666666666666666,17.0,12.0
2677,12.0,10.0,13.0,11.333333333333334
425,7.0,7.333333333333333,19.0,11.333333333333334
1783,10.0,9.0,8.0,7.0
662,11.0,11.666666666666666,6.0,7.0
1456,11.0,11.666666666666666,11.0,10.666666666666666
2764,11.0,11.333333333333334,5.0,6.0
2168,12.0,10.333333333333334,13.0,15.666666666666666
2426,12.0,10.666666666666666,8.0,8.666666666666666
2505,6.0,6.333333333333333,12.0,10.666666666666666
1948,7.0,6.666666666666667,10.0,10.666666666666666
57,4.0,4.666666666666667,11.0,16.333333333333332
768,6.0,7.0,8.0,8.0
1810,11.0,10.666666666666666,8.0,11.0
2965,15.0,12.0,5.0,5.0
439,5.0,5.333333333333333,11.0,12.0
3368,10.0,10.333333333333334,7.0,6.333333333333333
1912,8.0,8.333333333333334,5.0,6.333333333333333
3104,9.0,9.333333333333334,0.0,0.0
2128,14.0,12.0,0.0,0.0
2932,8.0,8.333333333333334,0.0,0.0
3646,10.0,11.0,0.0,0.0
1465,7.0,8.666666666666666,0.0,0.0
445,9.0,8.333333333333334,0.0,0.0
311,12.0,11.0,0.0,0.0
1468,9.0,8.333333333333334,0.0,0.0
3399,7.0,7.666666666666667,0.0,0.0
1112,14.0,11.333333333333334,0.0,0.0
3669,10.0,10.0,0.0,0.0
3351,7.0,6.666666666666667,0.0,0.0
152,12.0,11.333333333333334,0.0,0.0
1008,6.0,11.0,0.0,0.0
2489,4.0,5.0,0.0,0.0
932,4.0,5.666666666666667,0.0,0.0
323,7.0,9.0,0.0,0.0
937,9.0,9.666666666666666,0.0,0.0
3716,11.0,11.333333333333334,0.0,0.0
575,13.0,11.0,0.0,0.0
332,10.0,11.666666666666666,0.0,0.0
879,10.0,9.333333333333334,0.0,0.0
463,11.0,10.666666666666666,0.0,0.0
1044,10.0,9.666666666666666,0.0,0.0
1699,9.0,9.666666666666666,0.0,0.0
2086,9.0,10.0,0.0,0.0
2648,7.0,7.666666666666667,0.0,0.0
1716,4.0,5.333333333333333,0.0,0.0
2081,10.0,11.666666666666666,0.0,0.0
3569,14.0,17.666666666666668,0.0,0.0
2318,5.0,5.666666666666667,0.0,0.0
1788,9.0,8.666666666666666,0.0,0.0
1201,7.0,6.666666666666667,0.0,0.0
45,15.0,12.0,0.0,0.0
708,9.0,8.666666666666666,0.0,0.0
2024,6.0,6.0,0.0,0.0
1493,12.0,10.333333333333334,0.0,0.0
966,8.0,11.666666666666666,0.0,0.0
199,10.0,10.0,0.0,0.0
1028,8.0,8.666666666666666,0.0,0.0
346,12.0,9.666666666666666,0.0,0.0
210,11.0,11.333333333333334,0.0,0.0
1978,10.0,10.0,0.0,0.0
1503,11.0,9.666666666666666,0.0,0.0
565,10.0,11.0,0.0,0.0
2971,9.0,9.666666666666666,0.0,0.0
1182,6.0,8.333333333333334,0.0,0.0
1578,11.0,10.333333333333334,0.0,0.0
2016,9.0,9.0,0.0,0.0
3400,11.0,10.666666666666666,0.0,0.0
1476,8.0,6.666666666666667,0.0,0.0
2782,10.0,10.333333333333334,0.0,0.0
3718,10.0,9.333333333333334,0.0,0.0
2153,9.0,9.666666666666666,0.0,0.0
882,8.0,8.0,0.0,0.0
1409,11.0,10.666666666666666,0.0,0.0
3105,13.0,10.333333333333334,0.0,0.0
3865,11.0,9.333333333333334,0.0,0.0
121,10.0,11.666666666666666,0.0,0.0
2979,7.0,8.333333333333334,0.0,0.0
592,10.0,9.666666666666666,0.0,0.0
46,11.0,10.666666666666666,0.0,0.0
3625,8.0,7.333333333333333,0.0,0.0
1068,8.0,9.0,0.0,0.0
2657,7.0,8.666666666666666,0.0,0.0
1405,9.0,8.0,0.0,0.0
2048,5.0,5.666666666666667,0.0,0.0
3200,13.0,13.0,0.0,0.0
120,8.0,9.0,0.0,0.0
3522,27.0,19.666666666666668,0.0,0.0
274,10.0,10.0,0.0,0.0
3248,6.0,6.666666666666667,0.0,0.0
1223,18.0,16.333333333333332,0.0,0.0
3196,10.0,10.333333333333334,0.0,0.0
2233,9.0,8.333333333333334,0.0,0.0
1263,9.0,9.333333333333334,0.0,0.0
3328,8.0,9.333333333333334,0.0,0.0
2338,9.0,9.666666666666666,0.0,0.0
2236,13.0,11.333333333333334,0.0,0.0
1641,4.0,4.333333333333333,0.0,0.0
479,10.0,12.333333333333334,0.0,0.0
3673,10.0,13.333333333333334,0.0,0.0
2732,11.0,11.0,0.0,0.0
3803,8.0,8.666666666666666,0.0,0.0
3734,11.0,10.666666666666666,0.0,0.0
1279,16.0,13.666666666666666,0.0,0.0
2593,10.0,12.0,0.0,0.0
2185,12.0,10.333333333333334,0.0,0.0
2912,4.0,4.333333333333333,0.0,0.0
3222,8.0,8.0,0.0,0.0
967,9.0,10.0,0.0,0.0
2571,11.0,12.0,0.0,0.0
588,9.0,9.333333333333334,0.0,0.0
3525,12.0,11.333333333333334,0.0,0.0
510,11.0,12.333333333333334,0.0,0.0
1721,7.0,7.666666666666667,0.0,0.0
370,14.0,12.666666666666666,0.0,0.0
3777,7.0,6.666666666666667,0.0,0.0
1444,9.0,9.0,0.0,0.0
3823,7.0,9.666666666666666,0.0,0.0
447,8.0,8.666666666666666,0.0,0.0
3129,8.0,8.333333333333334,0.0,0.0
980,16.0,10.333333333333334,0.0,0.0
1210,17.0,14.0,0.0,0.0
2172,14.0,11.666666666666666,0.0,0.0
3343,11.0,10.333333333333334,0.0,0.0
730,20.0,13.666666666666666,0.0,0.0
2072,21.0,13.333333333333334,0.0,0.0
2271,14.0,14.666666666666666,0.0,0.0
2647,11.0,10.666666666666666,0.0,0.0
1056,11.0,11.666666666666666,0.0,0.0
409,7.0,6.333333333333333,0.0,0.0
2348,7.0,6.666666666666667,0.0,0.0
2463,10.0,10.333333333333334,0.0,0.0
2090,7.0,6.333333333333333,0.0,0.0
1495,9.0,8.333333333333334,0.0,0.0
2156,10.0,14.0,0.0,0.0
533,13.0,14.666666666666666,0.0,0.0
2397,8.0,9.333333333333334,0.0,0.0
1301,16.0,17.666666666666668,0.0,0.0
1291,11.0,11.666666666666666,0.0,0.0
3862,16.0,17.666666666666668,0.0,0.0
755,7.0,9.0,0.0,0.0
3176,13.0,14.333333333333334,0.0,0.0
1537,13.0,13.0,0.0,0.0
3148,10.0,10.0,0.0,0.0
1669,11.0,12.333333333333334,0.0,0.0
472,8.0,8.333333333333334,0.0,0.0
144,8.0,8.333333333333334,0.0,0.0
1707,9.0,11.0,0.0,0.0
981,7.0,6.666666666666667,0.0,0.0
1157,6.0,6.333333333333333,0.0,0.0
1236,15.0,13.0,0.0,0.0
2147,9.0,9.333333333333334,0.0,0.0
633,7.0,7.0,0.0,0.0
223,7.0,6.666666666666667,0.0,0.0
549,9.0,7.666666666666667,0.0,0.0
3572,13.0,11.0,0.0,0.0
2682,11.0,10.0,0.0,0.0
1505,6.0,6.666666666666667,0.0,0.0
2045,7.0,6.666666666666667,0.0,0.0
2330,6.0,5.666666666666667,0.0,0.0
1902,11.0,9.333333333333334,0.0,0.0
3514,8.0,8.666666666666666,0.0,0.0
1662,10.0,10.0,0.0,0.0
3499,6.0,7.0,0.0,0.0
128,10.0,12.333333333333334,0.0,0.0
1982,5.0,6.333333333333333,0.0,0.0
860,8.0,8.333333333333334,0.0,0.0
3224,5.0,6.333333333333333,0.0,0.0
433,8.0,8.0,0.0,0.0
1393,8.0,9.333333333333334,0.0,0.0
927,7.0,7.0,0.0,0.0
3866,13.0,16.333333333333332,0.0,0.0
693,5.0,4.666666666666667,0.0,0.0
2442,9.0,9.333333333333334,0.0,0.0
1415,11.0,9.0,0.0,0.0
357,9.0,9.666666666666666,0.0,0.0
252,11.0,12.666666666666666,0.0,0.0
3270,9.0,9.333333333333334,0.0,0.0
64,11.0,10.666666666666666,0.0,0.0
507,10.0,10.0,0.0,0.0
3048,11.0,11.333333333333334,0.0,0.0
947,4.0,4.0,0.0,0.0
1977,9.0,6.666666666666667,0.0,0.0
3817,6.0,7.0,0.0,0.0
738,14.0,11.0,0.0,0.0
2324,8.0,8.333333333333334,0.0,0.0
1770,7.0,8.333333333333334,0.0,0.0
778,5.0,5.0,0.0,0.0
856,6.0,7.0,0.0,0.0
2342,5.0,6.0,0.0,0.0
2699,8.0,8.333333333333334,0.0,0.0
993,13.0,13.333333333333334,0.0,0.0
3108,11.0,11.0,0.0,0.0
2517,11.0,11.0,0.0,0.0
1702,10.0,10.0,0.0,0.0
1071,12.0,9.333333333333334,0.0,0.0
1461,9.0,8.666666666666666,0.0,0.0
958,16.0,12.333333333333334,0.0,0.0
158,15.0,15.0,0.0,0.0
2753,15.0,12.0,0.0,0.0
3680,6.0,6.666666666666667,0.0,0.0
2247,10.0,12.0,0.0,0.0
3364,7.0,7.333333333333333,0.0,0.0
2044,14.0,12.0,0.0,0.0
1325,8.0,7.333333333333333,0.0,0.0
3788,9.0,9.333333333333334,0.0,0.0
793,11.0,10.666666666666666,0.0,0.0
3091,9.0,9.333333333333334,0.0,0.0
2218,10.0,8.333333333333334,0.0,0.0
3739,15.0,10.666666666666666,0.0,0.0
3460,13.0,11.666666666666666,0.0,0.0
3316,11.0,11.0,0.0,0.0
63,15.0,11.666666666666666,0.0,0.0
1154,8.0,7.0,0.0,0.0
1489,8.0,8.333333333333334,0.0,0.0
1584,9.0,9.666666666666666,0.0,0.0
1134,2.0,3.0,0.0,0.0
2329,19.0,17.0,0.0,0.0
191,11.0,11.0,0.0,0.0
2929,8.0,8.666666666666666,0.0,0.0
2441,10.0,9.666666666666666,0.0,0.0
182,9.0,9.666666666666666,0.0,0.0
2465,11.0,9.0,0.0,0.0
219,10.0,13.333333333333334,0.0,0.0
455,9.0,11.666666666666666,0.0,0.0
143,8.0,10.333333333333334,0.0,0.0
960,11.0,12.666666666666666,0.0,0.0
3883,13.0,12.0,0.0,0.0
2819,8.0,8.333333333333334,0.0,0.0
2882,11.0,10.0,0.0,0.0
3502,11.0,11.333333333333334,0.0,0.0
2930,18.0,16.666666666666668,0.0,0.0
2360,10.0,10.0,0.0,0.0
2173,11.0,11.333333333333334,0.0,0.0
211,10.0,11.0,0.0,0.0
3704,9.0,11.333333333333334,0.0,0.0
3882,7.0,7.0,0.0,0.0
885,6.0,7.0,0.0,0.0
3505,12.0,11.333333333333334,0.0,0.0
2624,15.0,10.0,0.0,0.0
2812,9.0,8.666666666666666,0.0,0.0
40,10.0,9.333333333333334,0.0,0.0
2201,7.0,11.0,0.0,0.0
1037,12.0,10.333333333333334,0.0,0.0
2587,12.0,10.333333333333334,0.0,0.0
453,10.0,10.0,0.0,0.0
3516,8.0,8.333333333333334,0.0,0.0
389,10.0,10.0,0.0,0.0
2752,13.0,10.666666666666666,0.0,0.0
1857,5.0,5.333333333333333,0.0,0.0
1139,9.0,8.333333333333334,0.0,0.0
683,10.0,9.666666666666666,0.0,0.0
677,10.0,8.333333333333334,0.0,0.0
1657,8.0,9.666666666666666,0.0,0.0
2384,8.0,9.0,0.0,0.0
2354,9.0,8.666666666666666,0.0,0.0
301,15.0,14.0,0.0,0.0
2304,9.0,11.0,0.0,0.0
1454,10.0,10.666666666666666,0.0,0.0
675,13.0,12.666666666666666,0.0,0.0
786,9.0,10.0,0.0,0.0
2369,15.0,13.666666666666666,0.0,0.0
2821,9.0,9.333333333333334,0.0,0.0
0,9.0,9.333333333333334,0.0,0.0
685,9.0,9.0,0.0,0.0
2470,7.0,6.333333333333333,0.0,0.0
1240,10.0,9.0,0.0,0.0
3074,8.0,8.666666666666666,0.0,0.0
824,10.0,10.0,0.0,0.0
322,10.0,10.333333333333334,0.0,0.0
1779,9.0,8.666666666666666,0.0,0.0
2371,9.0,8.333333333333334,0.0,0.0
3513,9.0,10.0,0.0,0.0
2592,10.0,10.333333333333334,0.0,0.0
2458,7.0,7.333333333333333,0.0,0.0
405,13.0,14.0,0.0,0.0
3401,9.0,10.333333333333334,0.0,0.0
2836,10.0,12.0,0.0,0.0
530,12.0,11.0,0.0,0.0
498,16.0,12.333333333333334,0.0,0.0
3209,8.0,11.0,0.0,0.0
1267,11.0,10.0,0.0,0.0
3839,5.0,6.333333333333333,0.0,0.0
3750,9.0,7.666666666666667,0.0,0.0
835,8.0,9.0,0.0,0.0
2599,9.0,11.333333333333334,0.0,0.0
512,12.0,12.0,0.0,0.0
2646,15.0,14.333333333333334,0.0,0.0
3589,10.0,9.0,0.0,0.0
3512,10.0,10.0,0.0,0.0
1152,11.0,10.666666666666666,0.0,0.0
2697,7.0,8.0,0.0,0.0
997,10.0,10.333333333333334,0.0,0.0
3259,23.0,17.666666666666668,0.0,0.0
3314,9.0,9.333333333333334,0.0,0.0
527,13.0,13.0,0.0,0.0
2446,15.0,12.0,0.0,0.0
3443,3.0,4.0,0.0,0.0
1877,10.0,9.666666666666666,0.0,0.0
1534,9.0,7.666666666666667,0.0,0.0
785,8.0,8.0,0.0,0.0
2145,13.0,14.333333333333334,0.0,0.0
1668,12.0,11.0,0.0,0.0
336,9.0,10.0,0.0,0.0
1696,11.0,10.666666666666666,0.0,0.0
2579,8.0,8.333333333333334,0.0,0.0
1694,10.0,8.333333333333334,0.0,0.0
3736,13.0,10.333333333333334,0.0,0.0
2610,7.0,8.0,0.0,0.0
2808,8.0,8.333333333333334,0.0,0.0
3384,9.0,7.333333333333333,0.0,0.0
714,13.0,12.666666666666666,0.0,0.0
2429,17.0,16.333333333333332,0.0,0.0
718,5.0,6.666666666666667,0.0,0.0
519,13.0,11.0,0.0,0.0
2513,8.0,9.333333333333334,0.0,0.0
1070,8.0,8.666666666666666,0.0,0.0
156,14.0,12.333333333333334,0.0,0.0
1193,9.0,10.0,0.0,0.0
554,8.0,7.333333333333333,0.0,0.0
2584,18.0,14.0,0.0,0.0
3337,12.0,11.666666666666666,0.0,0.0
2223,12.0,14.333333333333334,0.0,0.0
2710,8.0,6.666666666666667,0.0,0.0
2755,14.0,12.0,0.0,0.0
579,8.0,8.0,0.0,0.0
486,11.0,12.0,0.0,0.0
1589,10.0,9.0,0.0,0.0
2758,9.0,10.0,0.0,0.0
907,7.0,7.0,0.0,0.0
839,9.0,8.333333333333334,0.0,0.0
196,11.0,12.333333333333334,0.0,0.0
2785,9.0,9.666666666666666,0.0,0.0
2713,8.0,10.666666666666666,0.0,0.0
3348,9.0,7.666666666666667,0.0,0.0
3476,10.0,11.0,0.0,0.0
3659,6.0,7.666666666666667,0.0,0.0
3095,12.0,10.666666666666666,0.0,0.0
2934,9.0,8.666666666666666,0.0,0.0
2913,15.0,14.0,0.0,0.0
1863,9.0,8.666666666666666,0.0,0.0
654,6.0,5.0,0.0,0.0
2216,5.0,7.0,0.0,0.0
3469,8.0,12.666666666666666,0.0,0.0
3838,9.0,10.0,0.0,0.0
3097,10.0,10.333333333333334,0.0,0.0
2611,7.0,9.0,0.0,0.0
1352,10.0,9.666666666666666,0.0,0.0
1881,14.0,13.666666666666666,0.0,0.0
904,10.0,10.0,0.0,0.0
850,7.0,6.0,0.0,0.0
3755,7.0,9.333333333333334,0.0,0.0
3845,8.0,8.0,0.0,0.0
1272,11.0,10.0,0.0,0.0
1398,13.0,11.333333333333334,0.0,0.0
3519,13.0,10.666666666666666,0.0,0.0
1082,7.0,7.333333333333333,0.0,0.0
1329,11.0,10.0,0.0,0.0
648,11.0,10.666666666666666,0.0,0.0
66,11.0,10.333333333333334,0.0,0.0
3869,6.0,7.0,0.0,0.0
1258,10.0,11.333333333333334,0.0,0.0
658,9.0,9.666666666666666,0.0,0.0
3100,17.0,15.666666666666666,0.0,0.0
2469,10.0,10.333333333333334,0.0,0.0
3385,10.0,10.0,0.0,0.0
2527,17.0,13.666666666666666,0.0,0.0
1698,8.0,8.666666666666666,0.0,0.0
1594,5.0,6.333333333333333,0.0,0.0
1353,9.0,10.666666666666666,0.0,0.0
2853,11.0,10.0,0.0,0.0
756,10.0,9.666666666666666,0.0,0.0
1708,10.0,9.333333333333334,0.0,0.0
529,6.0,7.0,0.0,0.0
3643,17.0,13.333333333333334,0.0,0.0
1052,7.0,6.333333333333333,0.0,0.0
3557,8.0,9.333333333333334,0.0,0.0
620,13.0,14.333333333333334,0.0,0.0
526,9.0,9.666666666666666,0.0,0.0
3063,10.0,10.333333333333334,0.0,0.0
3837,8.0,6.666666666666667,0.0,0.0
1989,7.0,7.333333333333333,0.0,0.0
1522,7.0,8.333333333333334,0.0,0.0
1137,10.0,9.666666666666666,0.0,0.0
2514,11.0,10.0,0.0,0.0
2420,9.0,9.666666666666666,0.0,0.0
2416,7.0,7.333333333333333,0.0,0.0
893,7.0,6.666666666666667,0.0,0.0
3054,6.0,7.0,0.0,0.0
2272,10.0,12.0,0.0,0.0
3689,14.0,16.333333333333332,0.0,0.0
373,24.0,18.0,0.0,0.0
2976,11.0,10.333333333333334,0.0,0.0
213,18.0,15.333333333333334,0.0,0.0
663,15.0,13.0,0.0,0.0
794,13.0,14.0,0.0,0.0
94,12.0,11.0,0.0,0.0
1701,9.0,7.333333333333333,0.0,0.0
3759,10.0,11.0,0.0,0.0
2213,8.0,8.666666666666666,0.0,0.0
2789,8.0,8.0,0.0,0.0
3827,9.0,8.333333333333334,0.0,0.0
462,10.0,10.333333333333334,0.0,0.0
822,15.0,16.0,0.0,0.0
2321,9.0,7.333333333333333,0.0,0.0
594,9.0,7.333333333333333,0.0,0.0
1107,12.0,14.0,0.0,0.0
3645,12.0,13.0,0.0,0.0
3498,16.0,11.0,0.0,0.0
1042,11.0,10.666666666666666,0.0,0.0
2771,8.0,9.0,0.0,0.0
1351,3.0,4.333333333333333,0.0,0.0
2940,8.0,10.0,0.0,0.0
1586,14.0,11.333333333333334,0.0,0.0
12,9.0,9.333333333333334,0.0,0.0
1635,9.0,8.666666666666666,0.0,0.0
2602,11.0,11.333333333333334,0.0,0.0
1631,11.0,11.666666666666666,0.0,0.0
1630,20.0,14.0,0.0,0.0
62,7.0,6.666666666666667,0.0,0.0
2889,7.0,5.666666666666667,0.0,0.0
1106,7.0,6.666666666666667,0.0,0.0
1966,13.0,10.666666666666666,0.0,0.0
2883,20.0,13.0,0.0,0.0
1911,9.0,8.333333333333334,0.0,0.0
1639,9.0,10.333333333333334,0.0,0.0
1058,13.0,10.333333333333334,0.0,0.0
2759,9.0,9.666666666666666,0.0,0.0
1872,7.0,7.666666666666667,0.0,0.0
1508,9.0,8.666666666666666,0.0,0.0
1194,9.0,8.333333333333334,0.0,0.0
2068,10.0,8.666666666666666,0.0,0.0
3280,11.0,10.666666666666666,0.0,0.0
3312,6.0,5.0,0.0,0.0
831,11.0,11.333333333333334,0.0,0.0
1179,10.0,11.333333333333334,0.0,0.0
1143,6.0,8.0,0.0,0.0
2491,8.0,10.0,0.0,0.0
2184,9.0,9.333333333333334,0.0,0.0
248,8.0,7.333333333333333,0.0,0.0
2378,6.0,5.0,0.0,0.0
2124,9.0,10.333333333333334,0.0,0.0
2740,11.0,11.333333333333334,0.0,0.0
959,9.0,8.0,0.0,0.0
696,4.0,4.666666666666667,0.0,0.0
1621,10.0,10.666666666666666,0.0,0.0
1288,10.0,9.0,0.0,0.0
1253,9.0,10.0,0.0,0.0
3126,10.0,9.666666666666666,0.0,0.0
965,8.0,8.333333333333334,0.0,0.0
902,9.0,11.666666666666666,0.0,0.0
2159,9.0,9.0,0.0,0.0
2769,14.0,12.0,0.0,0.0
2612,9.0,9.666666666666666,0.0,0.0
1041,11.0,9.666666666666666,0.0,0.0
844,9.0,9.666666666666666,0.0,0.0
3438,9.0,9.333333333333334,0.0,0.0
3213,11.0,11.0,0.0,0.0
2027,9.0,8.333333333333334,0.0,0.0
3002,7.0,7.666666666666667,0.0,0.0
2738,19.0,14.0,0.0,0.0
384,10.0,12.333333333333334,0.0,0.0
899,7.0,7.333333333333333,0.0,0.0
1958,6.0,6.333333333333333,0.0,0.0
2948,21.0,19.666666666666668,0.0,0.0
2528,9.0,11.0,0.0,0.0
3279,12.0,10.333333333333334,0.0,0.0
123,9.0,8.666666666666666,0.0,0.0
2943,18.0,15.0,0.0,0.0
3060,9.0,10.333333333333334,0.0,0.0
3436,13.0,10.666666666666666,0.0,0.0
1545,11.0,11.0,0.0,0.0
2921,11.0,9.333333333333334,0.0,0.0
865,12.0,10.333333333333334,0.0,0.0
488,11.0,10.0,0.0,0.0
704,7.0,7.666666666666667,0.0,0.0
3336,11.0,13.0,0.0,0.0
740,10.0,11.0,0.0,0.0
1003,12.0,13.333333333333334,0.0,0.0
1705,7.0,6.0,0.0,0.0
2746,7.0,9.0,0.0,0.0
766,4.0,4.0,0.0,0.0
2794,11.0,12.0,0.0,0.0
3876,8.0,10.0,0.0,0.0
3447,10.0,11.0,0.0,0.0
1932,9.0,9.333333333333334,0.0,0.0
668,9.0,10.0,0.0,0.0
2705,11.0,10.333333333333334,0.0,0.0
1118,8.0,9.333333333333334,0.0,0.0
1738,11.0,10.333333333333334,0.0,0.0
929,8.0,10.666666666666666,0.0,0.0
670,7.0,7.666666666666667,0.0,0.0
3531,7.0,6.333333333333333,0.0,0.0
2730,8.0,9.666666666666666,0.0,0.0
3287,14.0,14.0,0.0,0.0
89,26.0,15.333333333333334,0.0,0.0
2842,15.0,14.333333333333334,0.0,0.0
3083,6.0,6.333333333333333,0.0,0.0
1533,9.0,9.0,0.0,0.0
3849,10.0,9.666666666666666,0.0,0.0
771,17.0,12.666666666666666,0.0,0.0
607,7.0,8.0,0.0,0.0
2558,5.0,5.0,0.0,0.0
1998,9.0,9.333333333333334,0.0,0.0
2303,16.0,13.0,0.0,0.0
3106,10.0,11.333333333333334,0.0,0.0
2014,6.0,6.333333333333333,0.0,0.0
3437,10.0,8.333333333333334,0.0,0.0
3076,9.0,9.0,0.0,0.0
155,8.0,7.666666666666667,0.0,0.0
3717,20.0,15.666666666666666,0.0,0.0
1467,9.0,11.0,0.0,0.0
1616,10.0,10.0,0.0,0.0
3093,6.0,6.333333333333333,0.0,0.0
1150,10.0,9.666666666666666,0.0,0.0
703,8.0,7.666666666666667,0.0,0.0
917,8.0,9.333333333333334,0.0,0.0
1450,12.0,13.666666666666666,0.0,0.0
3877,11.0,11.666666666666666,0.0,0.0
2198,13.0,10.666666666666666,0.0,0.0
3431,4.0,4.333333333333333,0.0,0.0
1874,8.0,8.0,0.0,0.0
1518,8.0,10.333333333333334,0.0,0.0
913,11.0,14.0,0.0,0.0
784,12.0,11.0,0.0,0.0
305,9.0,8.666666666666666,0.0,0.0
36,7.0,7.0,0.0,0.0
2596,13.0,11.0,0.0,0.0
2693,10.0,11.333333333333334,0.0,0.0
1557,9.0,9.0,0.0,0.0
3430,16.0,13.333333333333334,0.0,0.0
3203,11.0,10.666666666666666,0.0,0.0
1273,9.0,11.333333333333334,0.0,0.0
2620,16.0,19.0,0.0,0.0
218,11.0,10.333333333333334,0.0,0.0
3842,5.0,4.333333333333333,0.0,0.0
1798,13.0,11.333333333333334,0.0,0.0
2395,12.0,11.666666666666666,0.0,0.0
204,8.0,8.333333333333334,0.0,0.0
745,11.0,14.0,0.0,0.0
2532,7.0,7.0,0.0,0.0
2257,15.0,11.666666666666666,0.0,0.0
1878,10.0,9.666666666666666,0.0,0.0
3041,10.0,9.666666666666666,0.0,0.0
1714,7.0,6.0,0.0,0.0
1769,8.0,7.666666666666667,0.0,0.0
1284,10.0,8.0,0.0,0.0
1491,7.0,7.666666666666667,0.0,0.0
279,13.0,10.333333333333334,0.0,0.0
1827,12.0,12.0,0.0,0.0
2881,6.0,6.333333333333333,0.0,0.0
1767,14.0,12.333333333333334,0.0,0.0
3890,5.0,5.0,0.0,0.0
419,8.0,7.0,0.0,0.0
1054,7.0,6.333333333333333,0.0,0.0
1677,10.0,9.666666666666666,0.0,0.0
269,6.0,6.0,0.0,0.0
1907,8.0,8.333333333333334,0.0,0.0
1964,9.0,9.0,0.0,0.0
2578,8.0,8.0,0.0,0.0
469,11.0,9.333333333333334,0.0,0.0
3727,12.0,10.333333333333334,0.0,0.0
1248,17.0,12.666666666666666,0.0,0.0
1759,8.0,9.333333333333334,0.0,0.0
983,11.0,14.0,0.0,0.0
1585,8.0,8.666666666666666,0.0,0.0
3791,10.0,12.0,0.0,0.0
110,13.0,11.666666666666666,0.0,0.0
936,11.0,11.333333333333334,0.0,0.0
1410,9.0,10.333333333333334,0.0,0.0
765,10.0,11.666666666666666,0.0,0.0
1237,9.0,6.666666666666667,0.0,0.0
98,10.0,12.0,0.0,0.0
1251,5.0,6.666666666666667,0.0,0.0
2893,10.0,9.666666666666666,0.0,0.0
2813,16.0,10.0,0.0,0.0
2226,16.0,12.0,0.0,0.0
379,14.0,10.666666666666666,0.0,0.0
795,6.0,6.0,0.0,0.0
2869,10.0,10.0,0.0,0.0
2887,7.0,7.666666666666667,0.0,0.0
1377,12.0,10.666666666666666,0.0,0.0
2673,7.0,6.666666666666667,0.0,0.0
3880,10.0,9.333333333333334,0.0,0.0
1130,15.0,13.333333333333334,0.0,0.0
3483,12.0,12.0,0.0,0.0
3573,11.0,12.666666666666666,0.0,0.0
2495,12.0,11.0,0.0,0.0
1688,20.0,18.0,0.0,0.0
1835,11.0,9.666666666666666,0.0,0.0
3442,6.0,6.333333333333333,0.0,0.0
3423,7.0,7.0,0.0,0.0
3261,8.0,9.666666666666666,0.0,0.0
849,12.0,11.0,0.0,0.0
1905,9.0,8.666666666666666,0.0,0.0
2835,4.0,4.666666666666667,0.0,0.0
943,10.0,9.0,0.0,0.0
239,6.0,6.333333333333333,0.0,0.0
2966,7.0,7.333333333333333,0.0,0.0
429,10.0,11.0,0.0,0.0
1423,10.0,8.0,0.0,0.0
2502,9.0,10.0,0.0,0.0
1300,9.0,9.666666666666666,0.0,0.0
3597,8.0,8.0,0.0,0.0
700,7.0,6.666666666666667,0.0,0.0
3808,5.0,4.666666666666667,0.0,0.0
1133,11.0,10.333333333333334,0.0,0.0
2181,6.0,5.666666666666667,0.0,0.0
3566,4.0,4.333333333333333,0.0,0.0
926,9.0,8.333333333333334,0.0,0.0
3059,10.0,11.0,0.0,0.0
3201,4.0,4.666666666666667,0.0,0.0
646,12.0,10.666666666666666,0.0,0.0
1663,11.0,10.0,0.0,0.0
1575,10.0,8.333333333333334,0.0,0.0
2787,8.0,9.333333333333334,0.0,0.0
3308,8.0,8.666666666666666,0.0,0.0
3661,13.0,11.333333333333334,0.0,0.0
1208,8.0,7.333333333333333,0.0,0.0
2459,6.0,5.666666666666667,0.0,0.0
875,10.0,10.333333333333334,0.0,0.0
2784,13.0,13.0,0.0,0.0
1818,11.0,11.333333333333334,0.0,0.0
847,9.0,9.0,0.0,0.0
627,6.0,6.333333333333333,0.0,0.0
237,6.0,6.333333333333333,0.0,0.0
681,14.0,11.0,0.0,0.0
606,8.0,12.333333333333334,0.0,0.0
3293,9.0,8.666666666666666,0.0,0.0
2922,8.0,8.666666666666666,0.0,0.0
3125,10.0,10.0,0.0,0.0
851,7.0,6.666666666666667,0.0,0.0
2306,8.0,11.333333333333334,0.0,0.0
2750,9.0,11.0,0.0,0.0
2848,7.0,7.666666666666667,0.0,0.0
1734,9.0,8.666666666666666,0.0,0.0
2486,12.0,10.333333333333334,0.0,0.0
3422,9.0,9.333333333333334,0.0,0.0
2140,9.0,9.666666666666666,0.0,0.0
1766,13.0,11.333333333333334,0.0,0.0
506,10.0,9.0,0.0,0.0
698,14.0,11.0,0.0,0.0
884,18.0,16.666666666666668,0.0,0.0
302,11.0,10.333333333333334,0.0,0.0
1285,11.0,9.333333333333334,0.0,0.0
2139,18.0,13.0,0.0,0.0
3741,9.0,9.666666666666666,0.0,0.0
3339,8.0,8.0,0.0,0.0
2734,5.0,5.666666666666667,0.0,0.0
1549,17.0,17.666666666666668,0.0,0.0
3797,15.0,13.0,0.0,0.0
1209,8.0,9.0,0.0,0.0
834,10.0,10.0,0.0,0.0
1523,5.0,5.333333333333333,0.0,0.0
1753,10.0,9.333333333333334,0.0,0.0
3472,10.0,10.0,0.0,0.0
2862,9.0,11.333333333333334,0.0,0.0
587,5.0,5.666666666666667,0.0,0.0
475,15.0,16.666666666666668,0.0,0.0
1947,10.0,11.0,0.0,0.0
3372,6.0,6.0,0.0,0.0
595,10.0,12.0,0.0,0.0
1225,7.0,6.0,0.0,0.0
2285,11.0,11.333333333333334,0.0,0.0
2563,8.0,9.333333333333334,0.0,0.0
1868,10.0,9.666666666666666,0.0,0.0
1751,10.0,9.666666666666666,0.0,0.0
13,10.0,9.666666666666666,0.0,0.0
1369,7.0,8.0,0.0,0.0
3342,7.0,8.0,0.0,0.0
359,14.0,11.666666666666666,0.0,0.0
2561,10.0,10.0,0.0,0.0
952,10.0,10.0,0.0,0.0
2422,12.0,9.333333333333334,0.0,0.0
829,12.0,10.666666666666666,0.0,0.0
1067,8.0,7.333333333333333,0.0,0.0
2591,7.0,9.666666666666666,0.0,0.0
460,8.0,7.333333333333333,0.0,0.0
328,17.0,14.666666666666666,0.0,0.0
1760,9.0,9.333333333333334,0.0,0.0
2120,9.0,10.333333333333334,0.0,0.0
2987,14.0,10.666666666666666,0.0,0.0
3433,4.0,4.0,0.0,0.0
132,6.0,7.333333333333333,0.0,0.0
3004,10.0,10.666666666666666,0.0,0.0
2195,7.0,7.333333333333333,0.0,0.0
170,11.0,10.666666666666666,0.0,0.0
2001,8.0,8.666666666666666,0.0,0.0
2891,9.0,11.0,0.0,0.0
1168,3.0,4.333333333333333,0.0,0.0
2102,7.0,9.0,0.0,0.0
251,8.0,7.0,0.0,0.0
2840,11.0,9.666666666666666,0.0,0.0
3792,14.0,11.666666666666666,0.0,0.0
3889,10.0,10.666666666666666,0.0,0.0
254,6.0,6.666666666666667,0.0,0.0
1703,7.0,7.0,0.0,0.0
1346,13.0,12.0,0.0,0.0
872,10.0,11.666666666666666,0.0,0.0
2409,10.0,9.333333333333334,0.0,0.0
449,10.0,10.666666666666666,0.0,0.0
1125,12.0,10.333333333333334,0.0,0.0
3072,11.0,10.666666666666666,0.0,0.0
159,9.0,10.333333333333334,0.0,0.0
3606,10.0,12.666666666666666,0.0,0.0
3667,10.0,9.666666666666666,0.0,0.0
3560,6.0,5.0,0.0,0.0
855,13.0,10.666666666666666,0.0,0.0
2264,15.0,12.333333333333334,0.0,0.0
1749,7.0,7.666666666666667,0.0,0.0
436,7.0,8.0,0.0,0.0
3269,7.0,7.333333333333333,0.0,0.0
244,11.0,10.333333333333334,0.0,0.0
1697,12.0,10.666666666666666,0.0,0.0
2366,14.0,14.0,0.0,0.0
2445,9.0,9.0,0.0,0.0
1588,11.0,10.666666666666666,0.0,0.0
307,3.0,3.3333333333333335,0.0,0.0
1264,13.0,10.666666666666666,0.0,0.0
1035,6.0,7.333333333333333,0.0,0.0
3580,12.0,12.666666666666666,0.0,0.0
140,8.0,8.666666666666666,0.0,0.0
3346,4.0,4.0,0.0,0.0
1604,9.0,12.333333333333334,0.0,0.0
1486,10.0,10.0,0.0,0.0
2975,13.0,12.666666666666666,0.0,0.0
2810,8.0,9.0,0.0,0.0
1839,9.0,9.333333333333334,0.0,0.0
1768,9.0,11.0,0.0,0.0
1834,8.0,8.0,0.0,0.0
3139,9.0,8.333333333333334,0.0,0.0
2748,9.0,8.666666666666666,0.0,0.0
2123,12.0,10.0,0.0,0.0
161,11.0,11.666666666666666,0.0,0.0
821,13.0,13.0,0.0,0.0
1802,8.0,8.0,0.0,0.0
108,8.0,8.0,0.0,0.0
2280,12.0,10.333333333333334,0.0,0.0
613,13.0,11.666666666666666,0.0,0.0
1582,7.0,7.333333333333333,0.0,0.0
3694,21.0,16.666666666666668,0.0,0.0
2725,17.0,13.666666666666666,0.0,0.0
1785,8.0,11.666666666666666,0.0,0.0
2692,12.0,10.0,0.0,0.0
761,9.0,8.666666666666666,0.0,0.0
3133,8.0,11.333333333333334,0.0,0.0
3359,9.0,10.333333333333334,0.0,0.0
1046,9.0,9.0,0.0,0.0
2427,7.0,7.0,0.0,0.0
1110,19.0,13.333333333333334,0.0,0.0
2394,11.0,9.666666666666666,0.0,0.0
224,16.0,12.666666666666666,0.0,0.0
3561,9.0,10.333333333333334,0.0,0.0
2203,6.0,6.333333333333333,0.0,0.0
2437,17.0,15.0,0.0,0.0
596,8.0,8.0,0.0,0.0
867,16.0,14.0,0.0,0.0
3044,7.0,7.0,0.0,0.0
1967,4.0,4.666666666666667,0.0,0.0
2928,12.0,11.666666666666666,0.0,0.0
467,9.0,7.666666666666667,0.0,0.0
2792,10.0,9.666666666666666,0.0,0.0
2897,7.0,7.333333333333333,0.0,0.0
1330,1.0,2.3333333333333335,0.0,0.0
629,6.0,7.0,0.0,0.0
1460,11.0,9.666666666666666,0.0,0.0
1247,6.0,7.0,0.0,0.0
1305,10.0,13.0,0.0,0.0
2641,9.0,7.666666666666667,0.0,0.0
873,7.0,8.0,0.0,0.0
14,11.0,10.666666666666666,0.0,0.0
3705,8.0,7.333333333333333,0.0,0.0
2400,6.0,7.333333333333333,0.0,0.0
3484,19.0,16.333333333333332,0.0,0.0
2392,11.0,11.0,0.0,0.0
688,15.0,13.0,0.0,0.0
1510,11.0,9.666666666666666,0.0,0.0
2640,8.0,7.0,0.0,0.0
2199,9.0,9.333333333333334,0.0,0.0
2741,12.0,10.0,0.0,0.0
2649,9.0,11.0,0.0,0.0
1672,8.0,8.333333333333334,0.0,0.0
3658,8.0,8.666666666666666,0.0,0.0
281,13.0,11.666666666666666,0.0,0.0
3629,11.0,13.333333333333334,0.0,0.0
2839,9.0,11.0,0.0,0.0
634,10.0,9.333333333333334,0.0,0.0
1183,7.0,7.0,0.0,0.0
1889,8.0,7.666666666666667,0.0,0.0
2719,10.0,10.666666666666666,0.0,0.0
1517,9.0,10.333333333333334,0.0,0.0
1169,9.0,9.666666666666666,0.0,0.0
238,15.0,11.666666666666666,0.0,0.0
1469,10.0,13.333333333333334,0.0,0.0
2240,6.0,7.0,0.0,0.0
2509,10.0,10.666666666666666,0.0,0.0
3831,6.0,6.666666666666667,0.0,0.0
2668,8.0,8.0,0.0,0.0
2155,8.0,8.0,0.0,0.0
2959,10.0,10.333333333333334,0.0,0.0
84,12.0,14.333333333333334,0.0,0.0
2359,8.0,9.333333333333334,0.0,0.0
1870,19.0,17.0,0.0,0.0
2260,7.0,7.666666666666667,0.0,0.0
3575,10.0,9.666666666666666,0.0,0.0
1917,11.0,11.0,0.0,0.0
1867,11.0,11.0,0.0,0.0
3073,14.0,12.0,0.0,0.0
3747,9.0,10.0,0.0,0.0
1025,7.0,6.666666666666667,0.0,0.0
2323,9.0,9.0,0.0,0.0
1682,8.0,9.333333333333334,0.0,0.0
1955,7.0,6.666666666666667,0.0,0.0
2274,10.0,10.0,0.0,0.0
3365,12.0,12.333333333333334,0.0,0.0
1993,8.0,7.0,0.0,0.0
651,8.0,9.666666666666666,0.0,0.0
546,10.0,10.666666666666666,0.0,0.0
3637,20.0,14.666666666666666,0.0,0.0
1445,7.0,10.666666666666666,0.0,0.0
3289,7.0,6.0,0.0,0.0
3784,15.0,16.0,0.0,0.0
3238,7.0,8.333333333333334,0.0,0.0
3488,9.0,11.0,0.0,0.0
1632,9.0,9.666666666666666,0.0,0.0
3299,8.0,8.666666666666666,0.0,0.0
1609,12.0,12.0,0.0,0.0
2025,11.0,11.0,0.0,0.0
3720,9.0,8.666666666666666,0.0,0.0
1763,8.0,6.333333333333333,0.0,0.0
3266,6.0,6.666666666666667,0.0,0.0
3202,14.0,15.0,0.0,0.0
1541,16.0,11.666666666666666,0.0,0.0
3,10.0,10.333333333333334,0.0,0.0
3738,11.0,11.0,0.0,0.0
803,19.0,16.333333333333332,0.0,0.0
2863,11.0,9.666666666666666,0.0,0.0
72,13.0,10.0,0.0,0.0
3120,9.0,11.0,0.0,0.0
800,9.0,12.666666666666666,0.0,0.0
2205,13.0,12.666666666666666,0.0,0.0
2498,10.0,10.0,0.0,0.0
3134,7.0,6.666666666666667,0.0,0.0
418,8.0,8.666666666666666,0.0,0.0
3262,4.0,5.666666666666667,0.0,0.0
3459,8.0,10.0,0.0,0.0
2231,10.0,9.0,0.0,0.0
2163,15.0,12.0,0.0,0.0
890,9.0,12.0,0.0,0.0
1804,12.0,11.0,0.0,0.0
1228,9.0,9.333333333333334,0.0,0.0
1441,13.0,14.666666666666666,0.0,0.0
2258,9.0,9.333333333333334,0.0,0.0
167,10.0,10.0,0.0,0.0
1324,10.0,9.0,0.0,0.0
2279,9.0,9.0,0.0,0.0
1313,6.0,6.333333333333333,0.0,0.0
3501,10.0,9.333333333333334,0.0,0.0
1603,9.0,8.666666666666666,0.0,0.0
3543,17.0,13.0,0.0,0.0
2908,9.0,8.333333333333334,0.0,0.0
3588,8.0,7.666666666666667,0.0,0.0
791,6.0,5.666666666666667,0.0,0.0
3132,8.0,7.333333333333333,0.0,0.0
2716,14.0,13.0,0.0,0.0
324,11.0,10.666666666666666,0.0,0.0
470,9.0,8.333333333333334,0.0,0.0
1928,7.0,7.333333333333333,0.0,0.0
173,5.0,4.666666666666667,0.0,0.0
3360,7.0,7.666666666666667,0.0,0.0
2772,9.0,10.666666666666666,0.0,0.0
3485,10.0,9.666666666666666,0.0,0.0
678,12.0,10.333333333333334,0.0,0.0
3533,9.0,10.0,0.0,0.0
3260,13.0,12.0,0.0,0.0
1073,12.0,10.666666666666666,0.0,0.0
1599,14.0,13.0,0.0,0.0
3542,9.0,9.666666666666666,0.0,0.0
1658,9.0,9.666666666666666,0.0,0.0
3241,7.0,8.333333333333334,0.0,0.0
2060,10.0,10.333333333333334,0.0,0.0
2534,9.0,8.333333333333334,0.0,0.0
3332,11.0,12.0,0.0,0.0
456,7.0,6.333333333333333,0.0,0.0
1053,17.0,12.333333333333334,0.0,0.0
3180,14.0,13.0,0.0,0.0
2942,8.0,10.0,0.0,0.0
1831,8.0,9.0,0.0,0.0
2230,18.0,15.333333333333334,0.0,0.0
1490,13.0,13.0,0.0,0.0
3381,9.0,9.333333333333334,0.0,0.0
2310,8.0,9.666666666666666,0.0,0.0
3028,8.0,8.0,0.0,0.0
735,10.0,9.0,0.0,0.0
3622,10.0,11.0,0.0,0.0
1390,8.0,7.333333333333333,0.0,0.0
3873,10.0,9.666666666666666,0.0,0.0
49,9.0,9.333333333333334,0.0,0.0
2898,9.0,9.0,0.0,0.0
772,12.0,13.666666666666666,0.0,0.0
2365,13.0,13.666666666666666,0.0,0.0
2548,12.0,11.666666666666666,0.0,0.0
2144,11.0,11.333333333333334,0.0,0.0
570,7.0,7.0,0.0,0.0
3003,9.0,10.0,0.0,0.0
1675,8.0,8.0,0.0,0.0
1792,13.0,11.666666666666666,0.0,0.0
3085,7.0,6.666666666666667,0.0,0.0
2297,12.0,10.333333333333334,0.0,0.0
3205,21.0,16.333333333333332,0.0,0.0
3858,9.0,8.333333333333334,0.0,0.0
2815,8.0,7.666666666666667,0.0,0.0
2190,11.0,11.333333333333334,0.0,0.0
1063,10.0,9.0,0.0,0.0
2608,7.0,7.333333333333333,0.0,0.0
2116,7.0,7.0,0.0,0.0
289,13.0,11.666666666666666,0.0,0.0
118,9.0,9.666666666666666,0.0,0.0
2291,7.0,8.0,0.0,0.0
1816,9.0,12.0,0.0,0.0
292,6.0,6.333333333333333,0.0,0.0
3214,9.0,7.0,0.0,0.0
848,8.0,6.666666666666667,0.0,0.0
3165,9.0,8.0,0.0,0.0
3166,10.0,10.0,0.0,0.0
1988,10.0,10.333333333333334,0.0,0.0
1861,13.0,14.0,0.0,0.0
1040,6.0,7.333333333333333,0.0,0.0
2232,6.0,6.0,0.0,0.0
1676,8.0,7.0,0.0,0.0
754,10.0,9.0,0.0,0.0
1728,9.0,11.0,0.0,0.0
722,8.0,9.333333333333334,0.0,0.0
1117,7.0,6.333333333333333,0.0,0.0
1898,6.0,8.333333333333334,0.0,0.0
3049,7.0,8.0,0.0,0.0
2838,16.0,14.666666666666666,0.0,0.0
3798,11.0,11.333333333333334,0.0,0.0
227,20.0,16.0,0.0,0.0
2507,9.0,10.333333333333334,0.0,0.0
569,9.0,9.333333333333334,0.0,0.0
115,6.0,5.333333333333333,0.0,0.0
349,13.0,12.333333333333334,0.0,0.0
275,5.0,6.333333333333333,0.0,0.0
235,6.0,6.666666666666667,0.0,0.0
368,10.0,8.666666666666666,0.0,0.0
2581,11.0,10.666666666666666,0.0,0.0
2176,8.0,9.666666666666666,0.0,0.0
2162,10.0,12.333333333333334,0.0,0.0
799,12.0,19.666666666666668,0.0,0.0
1177,4.0,3.6666666666666665,0.0,0.0
2017,8.0,8.666666666666666,0.0,0.0
3887,11.0,10.0,0.0,0.0
245,7.0,6.333333333333333,0.0,0.0
813,9.0,10.0,0.0,0.0
3528,10.0,11.666666666666666,0.0,0.0
3605,5.0,6.333333333333333,0.0,0.0
3773,5.0,5.0,0.0,0.0
2735,12.0,14.0,0.0,0.0
2880,8.0,7.333333333333333,0.0,0.0
1453,10.0,10.333333333333334,0.0,0.0
1434,11.0,10.0,0.0,0.0
2983,11.0,11.0,0.0,0.0
2518,19.0,17.333333333333332,0.0,0.0
1856,6.0,7.333333333333333,0.0,0.0
3242,10.0,10.666666666666666,0.0,0.0
1590,11.0,10.333333333333334,0.0,0.0
1424,7.0,6.666666666666667,0.0,0.0
2845,9.0,10.0,0.0,0.0
1704,14.0,10.666666666666666,0.0,0.0
3457,9.0,9.333333333333334,0.0,0.0
2536,9.0,8.666666666666666,0.0,0.0
1930,9.0,9.333333333333334,0.0,0.0
2410,11.0,10.0,0.0,0.0
228,10.0,9.666666666666666,0.0,0.0
2281,6.0,6.333333333333333,0.0,0.0
2026,8.0,10.333333333333334,0.0,0.0
1925,6.0,6.333333333333333,0.0,0.0
3840,7.0,6.666666666666667,0.0,0.0
2763,11.0,9.666666666666666,0.0,0.0
291,6.0,5.666666666666667,0.0,0.0
3581,12.0,9.666666666666666,0.0,0.0
2364,6.0,6.0,0.0,0.0
2801,10.0,10.333333333333334,0.0,0.0
888,9.0,10.0,0.0,0.0
2827,16.0,12.666666666666666,0.0,0.0
1879,8.0,6.666666666666667,0.0,0.0
471,11.0,10.333333333333334,0.0,0.0
2130,8.0,8.0,0.0,0.0
1297,10.0,11.333333333333334,0.0,0.0
955,4.0,3.3333333333333335,0.0,0.0
3218,10.0,12.0,0.0,0.0
2143,9.0,9.0,0.0,0.0
3540,6.0,7.333333333333333,0.0,0.0
3223,12.0,10.0,0.0,0.0
1642,13.0,10.333333333333334,0.0,0.0
3128,10.0,11.666666666666666,0.0,0.0
410,11.0,11.333333333333334,0.0,0.0
995,15.0,12.666666666666666,0.0,0.0
910,14.0,11.0,0.0,0.0
3630,6.0,6.0,0.0,0.0
3674,6.0,6.333333333333333,0.0,0.0
1678,13.0,13.666666666666666,0.0,0.0
3374,16.0,13.0,0.0,0.0
2586,6.0,6.333333333333333,0.0,0.0
2428,10.0,10.666666666666666,0.0,0.0
2034,8.0,8.333333333333334,0.0,0.0
2574,7.0,8.333333333333334,0.0,0.0
1088,6.0,5.666666666666667,0.0,0.0
2994,15.0,13.333333333333334,0.0,0.0
1492,15.0,15.666666666666666,0.0,0.0
3426,10.0,9.0,0.0,0.0
87,11.0,10.0,0.0,0.0
3411,9.0,8.333333333333334,0.0,0.0
689,12.0,12.0,0.0,0.0
2041,7.0,6.333333333333333,0.0,0.0
1628,14.0,11.0,0.0,0.0
1406,11.0,10.0,0.0,0.0
584,12.0,11.0,0.0,0.0
1781,9.0,10.0,0.0,0.0
3617,8.0,10.333333333333334,0.0,0.0
2775,15.0,13.0,0.0,0.0
3493,6.0,6.333333333333333,0.0,0.0
992,10.0,10.333333333333334,0.0,0.0
657,10.0,10.333333333333334,0.0,0.0
1009,14.0,12.0,0.0,0.0
1572,9.0,10.0,0.0,0.0
521,9.0,9.666666666666666,0.0,0.0
431,6.0,6.333333333333333,0.0,0.0
116,17.0,12.333333333333334,0.0,0.0
183,6.0,5.333333333333333,0.0,0.0
2678,9.0,7.666666666666667,0.0,0.0
458,8.0,10.0,0.0,0.0
2866,10.0,10.0,0.0,0.0
3702,14.0,11.333333333333334,0.0,0.0
1899,6.0,6.666666666666667,0.0,0.0
270,8.0,8.333333333333334,0.0,0.0
1381,12.0,11.666666666666666,0.0,0.0
1693,11.0,10.666666666666666,0.0,0.0
3216,9.0,11.0,0.0,0.0
117,14.0,15.0,0.0,0.0
1262,14.0,15.666666666666666,0.0,0.0
1149,9.0,9.666666666666666,0.0,0.0
1138,7.0,6.666666666666667,0.0,0.0
1973,9.0,8.0,0.0,0.0
1649,13.0,10.0,0.0,0.0
2544,9.0,11.0,0.0,0.0
461,9.0,9.666666666666666,0.0,0.0
603,10.0,9.333333333333334,0.0,0.0
1246,11.0,11.666666666666666,0.0,0.0
2857,7.0,9.0,0.0,0.0
459,13.0,10.333333333333334,0.0,0.0
1365,10.0,10.333333333333334,0.0,0.0
2919,12.0,12.666666666666666,0.0,0.0
1101,13.0,12.333333333333334,0.0,0.0
3185,11.0,12.0,0.0,0.0
2476,10.0,11.0,0.0,0.0
3174,10.0,10.333333333333334,0.0,0.0
3885,7.0,7.666666666666667,0.0,0.0
706,8.0,8.333333333333334,0.0,0.0
220,6.0,6.666666666666667,0.0,0.0
264,10.0,11.333333333333334,0.0,0.0
671,9.0,11.0,0.0,0.0
480,10.0,9.333333333333334,0.0,0.0
383,14.0,12.666666666666666,0.0,0.0
3307,24.0,15.333333333333334,0.0,0.0
124,9.0,8.0,0.0,0.0
2939,6.0,6.0,0.0,0.0
3309,11.0,11.0,0.0,0.0
638,13.0,14.666666666666666,0.0,0.0
2961,11.0,9.666666666666666,0.0,0.0
1455,11.0,11.333333333333334,0.0,0.0
2560,6.0,8.333333333333334,0.0,0.0
2161,13.0,15.666666666666666,0.0,0.0
1742,10.0,10.0,0.0,0.0
1431,9.0,9.333333333333334,0.0,0.0
3313,6.0,8.0,0.0,0.0
257,11.0,9.333333333333334,0.0,0.0
200,8.0,10.333333333333334,0.0,0.0
3874,9.0,8.666666666666666,0.0,0.0
197,9.0,10.666666666666666,0.0,0.0
2590,9.0,10.0,0.0,0.0
2075,10.0,11.0,0.0,0.0
2021,11.0,10.333333333333334,0.0,0.0
3402,9.0,10.333333333333334,0.0,0.0
221,6.0,6.666666666666667,0.0,0.0
691,12.0,11.0,0.0,0.0
841,9.0,8.666666666666666,0.0,0.0
3538,8.0,7.333333333333333,0.0,0.0
2099,9.0,9.333333333333334,0.0,0.0
478,10.0,8.666666666666666,0.0,0.0
2339,10.0,11.333333333333334,0.0,0.0
2117,8.0,7.333333333333333,0.0,0.0
3851,7.0,9.0,0.0,0.0
2390,16.0,14.333333333333334,0.0,0.0
1527,11.0,12.0,0.0,0.0
2250,7.0,6.333333333333333,0.0,0.0
3275,15.0,11.666666666666666,0.0,0.0
2933,8.0,8.666666666666666,0.0,0.0
1360,11.0,9.666666666666666,0.0,0.0
145,9.0,10.0,0.0,0.0
1801,11.0,12.0,0.0,0.0
1888,10.0,10.333333333333334,0.0,0.0
2047,11.0,9.666666666666666,0.0,0.0
3192,9.0,10.333333333333334,0.0,0.0
3267,9.0,10.0,0.0,0.0
1670,11.0,10.333333333333334,0.0,0.0
2709,18.0,12.333333333333334,0.0,0.0
3019,11.0,9.666666666666666,0.0,0.0
1773,8.0,7.333333333333333,0.0,0.0
2615,11.0,11.333333333333334,0.0,0.0
2632,9.0,7.0,0.0,0.0
2972,8.0,9.333333333333334,0.0,0.0
3847,8.0,9.333333333333334,0.0,0.0
1972,9.0,8.333333333333334,0.0,0.0
2327,9.0,8.666666666666666,0.0,0.0
2788,13.0,11.0,0.0,0.0
2407,14.0,15.666666666666666,0.0,0.0
968,5.0,5.0,0.0,0.0
1292,16.0,16.333333333333332,0.0,0.0
41,5.0,6.333333333333333,0.0,0.0
86,9.0,10.0,0.0,0.0
3022,15.0,10.0,0.0,0.0
2924,7.0,7.0,0.0,0.0
2989,7.0,6.666666666666667,0.0,0.0
1525,22.0,15.666666666666666,0.0,0.0
1401,9.0,9.666666666666666,0.0,0.0
3045,12.0,11.666666666666666,0.0,0.0
355,8.0,9.666666666666666,0.0,0.0
2744,13.0,12.333333333333334,0.0,0.0
2450,5.0,6.0,0.0,0.0
207,6.0,6.333333333333333,0.0,0.0
1311,8.0,9.666666666666666,0.0,0.0
513,7.0,9.666666666666666,0.0,0.0
1559,11.0,9.333333333333334,0.0,0.0
1971,12.0,9.666666666666666,0.0,0.0
400,11.0,11.0,0.0,0.0
247,12.0,10.333333333333334,0.0,0.0
1206,7.0,6.666666666666667,0.0,0.0
3310,9.0,8.333333333333334,0.0,0.0
1050,8.0,7.666666666666667,0.0,0.0
1430,19.0,13.666666666666666,0.0,0.0
757,7.0,8.0,0.0,0.0
3302,9.0,9.666666666666666,0.0,0.0
3686,7.0,6.666666666666667,0.0,0.0
1521,9.0,10.666666666666666,0.0,0.0
3828,8.0,7.666666666666667,0.0,0.0
2923,14.0,12.0,0.0,0.0
763,11.0,10.333333333333334,0.0,0.0
1595,10.0,9.333333333333334,0.0,0.0
1934,6.0,6.333333333333333,0.0,0.0
2492,11.0,11.0,0.0,0.0
864,10.0,11.666666666666666,0.0,0.0
3198,8.0,10.0,0.0,0.0
563,9.0,9.0,0.0,0.0
2033,10.0,10.0,0.0,0.0
3171,4.0,4.333333333333333,0.0,0.0
1720,10.0,9.333333333333334,0.0,0.0
2196,11.0,11.666666666666666,0.0,0.0
2631,9.0,8.0,0.0,0.0
3350,12.0,11.333333333333334,0.0,0.0
1018,6.0,6.666666666666667,0.0,0.0
3064,8.0,8.666666666666666,0.0,0.0
2355,9.0,10.0,0.0,0.0
3628,10.0,10.666666666666666,0.0,0.0
1306,7.0,6.333333333333333,0.0,0.0
131,10.0,9.0,0.0,0.0
2065,7.0,7.0,0.0,0.0
2103,6.0,6.666666666666667,0.0,0.0
1828,8.0,10.666666666666666,0.0,0.0
231,15.0,13.0,0.0,0.0
776,13.0,15.0,0.0,0.0
327,9.0,13.333333333333334,0.0,0.0
3586,16.0,16.333333333333332,0.0,0.0
3728,3.0,3.3333333333333335,0.0,0.0
3732,16.0,16.0,0.0,0.0
576,10.0,10.333333333333334,0.0,0.0
3179,7.0,6.333333333333333,0.0,0.0
382,4.0,5.0,0.0,0.0
2874,9.0,9.333333333333334,0.0,0.0
3152,11.0,8.666666666666666,0.0,0.0
2008,10.0,9.333333333333334,0.0,0.0
928,4.0,4.0,0.0,0.0
353,13.0,11.0,0.0,0.0
28,11.0,10.333333333333334,0.0,0.0
3578,11.0,10.0,0.0,0.0
2053,9.0,9.666666666666666,0.0,0.0
3595,9.0,9.666666666666666,0.0,0.0
3358,7.0,7.666666666666667,0.0,0.0
1501,18.0,13.0,0.0,0.0
1918,11.0,12.0,0.0,0.0
3487,9.0,9.333333333333334,0.0,0.0
104,11.0,15.0,0.0,0.0
1190,11.0,11.333333333333334,0.0,0.0
485,11.0,12.333333333333334,0.0,0.0
73,10.0,10.0,0.0,0.0
1289,4.0,4.666666666666667,0.0,0.0
1691,12.0,11.0,0.0,0.0
2322,11.0,11.666666666666666,0.0,0.0
1999,11.0,13.0,0.0,0.0
3303,10.0,13.0,0.0,0.0
341,12.0,11.333333333333334,0.0,0.0
611,10.0,9.333333333333334,0.0,0.0
2055,8.0,7.666666666666667,0.0,0.0
3079,8.0,9.0,0.0,0.0
33,20.0,14.666666666666666,0.0,0.0
3206,13.0,13.666666666666666,0.0,0.0
948,8.0,8.333333333333334,0.0,0.0
38,8.0,7.0,0.0,0.0
3612,11.0,11.333333333333334,0.0,0.0
1869,8.0,7.666666666666667,0.0,0.0
2724,8.0,8.333333333333334,0.0,0.0
3695,7.0,6.666666666666667,0.0,0.0
1601,7.0,8.666666666666666,0.0,0.0
1196,13.0,14.0,0.0,0.0
3449,10.0,12.333333333333334,0.0,0.0
695,14.0,11.333333333333334,0.0,0.0
3748,14.0,14.0,0.0,0.0
2637,5.0,4.0,0.0,0.0
1576,7.0,6.666666666666667,0.0,0.0
3770,8.0,7.666666666666667,0.0,0.0
2370,8.0,7.0,0.0,0.0
1923,18.0,17.333333333333332,0.0,0.0
1031,11.0,9.333333333333334,0.0,0.0
2535,9.0,7.666666666666667,0.0,0.0
2460,10.0,11.333333333333334,0.0,0.0
699,8.0,9.0,0.0,0.0
853,10.0,11.0,0.0,0.0
1634,14.0,12.0,0.0,0.0
216,9.0,10.0,0.0,0.0
2148,17.0,18.333333333333332,0.0,0.0
3696,17.0,12.666666666666666,0.0,0.0
3420,9.0,7.333333333333333,0.0,0.0
1775,11.0,10.0,0.0,0.0
1737,11.0,13.666666666666666,0.0,0.0
517,21.0,16.0,0.0,0.0
2625,10.0,9.333333333333334,0.0,0.0
1991,12.0,10.666666666666666,0.0,0.0
949,11.0,11.0,0.0,0.0
30,9.0,9.333333333333334,0.0,0.0
2935,10.0,10.0,0.0,0.0
255,7.0,6.0,0.0,0.0
2466,8.0,8.333333333333334,0.0,0.0
1913,10.0,14.333333333333334,0.0,0.0
34,13.0,11.333333333333334,0.0,0.0
3489,9.0,9.0,0.0,0.0
871,9.0,9.333333333333334,0.0,0.0
3208,10.0,11.666666666666666,0.0,0.0
3491,10.0,9.333333333333334,0.0,0.0
2385,6.0,6.666666666666667,0.0,0.0
1032,20.0,15.666666666666666,0.0,0.0
990,19.0,18.333333333333332,0.0,0.0
3571,10.0,10.0,0.0,0.0
883,8.0,9.0,0.0,0.0
3641,8.0,8.0,0.0,0.0
2282,6.0,6.0,0.0,0.0
3183,6.0,5.666666666666667,0.0,0.0
184,9.0,10.333333333333334,0.0,0.0
403,9.0,9.666666666666666,0.0,0.0
3546,6.0,5.666666666666667,0.0,0.0
3118,11.0,10.333333333333334,0.0,0.0
3186,8.0,9.0,0.0,0.0
3184,11.0,11.333333333333334,0.0,0.0
2387,11.0,10.333333333333334,0.0,0.0
2434,15.0,13.333333333333334,0.0,0.0
989,8.0,11.333333333333334,0.0,0.0
2301,7.0,9.333333333333334,0.0,0.0
1551,12.0,11.0,0.0,0.0
3256,9.0,8.666666666666666,0.0,0.0
3000,6.0,7.0,0.0,0.0
1718,9.0,9.333333333333334,0.0,0.0
1598,8.0,9.333333333333334,0.0,0.0
769,12.0,10.0,0.0,0.0
3779,9.0,11.0,0.0,0.0
2288,8.0,9.0,0.0,0.0
2606,14.0,10.0,0.0,0.0
1580,7.0,7.0,0.0,0.0
1777,11.0,11.0,0.0,0.0
356,11.0,10.666666666666666,0.0,0.0
2952,10.0,9.0,0.0,0.0
3454,7.0,7.666666666666667,0.0,0.0
1526,9.0,11.0,0.0,0.0
2115,10.0,11.0,0.0,0.0
3301,13.0,13.0,0.0,0.0
96,8.0,7.666666666666667,0.0,0.0
1591,11.0,10.666666666666666,0.0,0.0
107,7.0,7.0,0.0,0.0
617,10.0,9.666666666666666,0.0,0.0
3029,5.0,6.0,0.0,0.0
2790,9.0,8.666666666666666,0.0,0.0
278,13.0,16.333333333333332,0.0,0.0
3781,12.0,13.333333333333334,0.0,0.0
2871,8.0,8.333333333333334,0.0,0.0
1057,12.0,9.666666666666666,0.0,0.0
2728,6.0,7.666666666666667,0.0,0.0
3635,10.0,9.333333333333334,0.0,0.0
3693,7.0,7.666666666666667,0.0,0.0
3848,9.0,9.666666666666666,0.0,0.0
759,12.0,12.333333333333334,0.0,0.0
1790,7.0,6.0,0.0,0.0
88,8.0,8.333333333333334,0.0,0.0
2101,9.0,8.0,0.0,0.0
2671,10.0,9.0,0.0,0.0
3034,5.0,5.666666666666667,0.0,0.0
3671,4.0,4.0,0.0,0.0
337,8.0,8.0,0.0,0.0
1212,8.0,8.333333333333334,0.0,0.0
205,10.0,8.333333333333334,0.0,0.0
176,8.0,7.333333333333333,0.0,0.0
3378,11.0,11.333333333333334,0.0,0.0
3383,8.0,10.0,0.0,0.0
564,9.0,11.0,0.0,0.0
2030,11.0,13.0,0.0,0.0
3306,8.0,8.666666666666666,0.0,0.0
3181,12.0,9.666666666666666,0.0,0.0
2177,8.0,7.666666666666667,0.0,0.0
2999,10.0,10.666666666666666,0.0,0.0
1484,10.0,8.0,0.0,0.0
1741,8.0,8.333333333333334,0.0,0.0
1081,7.0,9.666666666666666,0.0,0.0
2183,10.0,12.666666666666666,0.0,0.0
2598,8.0,8.0,0.0,0.0
3450,10.0,9.333333333333334,0.0,0.0
287,10.0,11.0,0.0,0.0
1637,10.0,10.333333333333334,0.0,0.0
618,6.0,6.666666666666667,0.0,0.0
3392,9.0,9.333333333333334,0.0,0.0
3340,12.0,11.0,0.0,0.0
1611,9.0,10.0,0.0,0.0
2899,9.0,10.0,0.0,0.0
3794,8.0,12.333333333333334,0.0,0.0
320,9.0,10.666666666666666,0.0,0.0
1103,9.0,11.333333333333334,0.0,0.0
500,13.0,12.666666666666666,0.0,0.0
2440,8.0,9.333333333333334,0.0,0.0
2419,10.0,9.0,0.0,0.0
511,9.0,10.666666666666666,0.0,0.0
3318,10.0,9.333333333333334,0.0,0.0
423,10.0,11.666666666666666,0.0,0.0
2721,10.0,12.333333333333334,0.0,0.0
976,8.0,6.666666666666667,0.0,0.0
1547,10.0,10.0,0.0,0.0
1487,5.0,5.0,0.0,0.0
1298,8.0,8.333333333333334,0.0,0.0
2627,5.0,5.666666666666667,0.0,0.0
625,7.0,7.0,0.0,0.0
2265,8.0,9.0,0.0,0.0
450,9.0,10.333333333333334,0.0,0.0
2613,12.0,11.666666666666666,0.0,0.0
164,11.0,10.333333333333334,0.0,0.0
963,12.0,11.0,0.0,0.0
2454,8.0,10.333333333333334,0.0,0.0
2564,11.0,11.0,0.0,0.0
2619,8.0,8.0,0.0,0.0
1026,9.0,7.333333333333333,0.0,0.0
3254,8.0,7.666666666666667,0.0,0.0
3153,8.0,9.0,0.0,0.0
661,11.0,10.0,0.0,0.0
2149,7.0,7.333333333333333,0.0,0.0
2823,9.0,8.666666666666666,0.0,0.0
3274,11.0,10.333333333333334,0.0,0.0
2207,10.0,10.666666666666666,0.0,0.0
71,6.0,7.0,0.0,0.0
1061,7.0,7.666666666666667,0.0,0.0
2946,18.0,12.333333333333334,0.0,0.0
1090,9.0,7.666666666666667,0.0,0.0
23,5.0,4.0,0.0,0.0
2351,11.0,12.0,0.0,0.0
752,11.0,10.666666666666666,0.0,0.0
1399,11.0,9.0,0.0,0.0
593,6.0,4.666666666666667,0.0,0.0
1985,10.0,11.333333333333334,0.0,0.0
1341,4.0,4.666666666666667,0.0,0.0
2816,11.0,11.333333333333334,0.0,0.0
2511,10.0,9.333333333333334,0.0,0.0
43,10.0,9.333333333333334,0.0,0.0
6,15.0,14.0,0.0,0.0
437,7.0,7.666666666666667,0.0,0.0
1108,20.0,13.0,0.0,0.0
1963,11.0,10.333333333333334,0.0,0.0
68,11.0,11.0,0.0,0.0
1695,11.0,10.333333333333334,0.0,0.0
3234,11.0,13.666666666666666,0.0,0.0
1765,9.0,9.0,0.0,0.0
3040,10.0,7.666666666666667,0.0,0.0
1960,12.0,10.333333333333334,0.0,0.0
160,9.0,8.333333333333334,0.0,0.0
2552,8.0,8.333333333333334,0.0,0.0
1786,13.0,12.0,0.0,0.0
1436,16.0,12.666666666666666,0.0,0.0
3841,12.0,11.333333333333334,0.0,0.0
1873,11.0,11.666666666666666,0.0,0.0
545,9.0,11.666666666666666,0.0,0.0
2305,10.0,9.666666666666666,0.0,0.0
3111,15.0,10.666666666666666,0.0,0.0
1439,9.0,10.0,0.0,0.0
1922,9.0,8.333333333333334,0.0,0.0
3745,13.0,13.666666666666666,0.0,0.0
1776,12.0,11.333333333333334,0.0,0.0
2046,10.0,10.666666666666666,0.0,0.0
1358,10.0,10.666666666666666,0.0,0.0
1114,15.0,12.333333333333334,0.0,0.0
673,9.0,10.666666666666666,0.0,0.0
3850,8.0,8.333333333333334,0.0,0.0
1202,10.0,10.333333333333334,0.0,0.0
1171,12.0,10.666666666666666,0.0,0.0
3778,8.0,8.666666666666666,0.0,0.0
3283,7.0,7.666666666666667,0.0,0.0
666,10.0,10.0,0.0,0.0
3421,13.0,11.666666666666666,0.0,0.0
2688,11.0,11.0,0.0,0.0
1227,10.0,12.333333333333334,0.0,0.0
171,15.0,13.666666666666666,0.0,0.0
3855,10.0,10.0,0.0,0.0
502,11.0,11.333333333333334,0.0,0.0
180,11.0,11.0,0.0,0.0
725,10.0,9.333333333333334,0.0,0.0
1937,13.0,10.666666666666666,0.0,0.0
2080,11.0,10.333333333333334,0.0,0.0
2484,11.0,11.0,0.0,0.0
2951,7.0,9.0,0.0,0.0
988,7.0,7.0,0.0,0.0
1722,14.0,12.333333333333334,0.0,0.0
1554,17.0,12.333333333333334,0.0,0.0
375,8.0,7.0,0.0,0.0
1800,11.0,10.333333333333334,0.0,0.0
3006,8.0,7.666666666666667,0.0,0.0
2538,11.0,8.0,0.0,0.0
3373,9.0,9.666666666666666,0.0,0.0
1089,10.0,10.0,0.0,0.0
2577,15.0,11.333333333333334,0.0,0.0
1344,13.0,10.333333333333334,0.0,0.0
3151,6.0,6.666666666666667,0.0,0.0
2843,11.0,9.666666666666666,0.0,0.0
2337,4.0,4.333333333333333,0.0,0.0
178,10.0,10.666666666666666,0.0,0.0
3853,14.0,11.666666666666666,0.0,0.0
2915,11.0,14.333333333333334,0.0,0.0
1919,11.0,10.333333333333334,0.0,0.0
2311,9.0,7.666666666666667,0.0,0.0
326,13.0,11.333333333333334,0.0,0.0
1865,10.0,9.333333333333334,0.0,0.0
2704,11.0,11.0,0.0,0.0
441,6.0,6.333333333333333,0.0,0.0
3082,9.0,9.666666666666666,0.0,0.0
1433,6.0,6.333333333333333,0.0,0.0
3591,9.0,8.666666666666666,0.0,0.0
3362,8.0,7.666666666666667,0.0,0.0
1135,8.0,7.0,0.0,0.0
2298,9.0,9.666666666666666,0.0,0.0
1665,11.0,9.666666666666666,0.0,0.0
3697,16.0,12.666666666666666,0.0,0.0
2389,10.0,10.333333333333334,0.0,0.0
97,10.0,11.333333333333334,0.0,0.0
3428,7.0,5.666666666666667,0.0,0.0
1280,9.0,9.666666666666666,0.0,0.0
1165,11.0,9.666666666666666,0.0,0.0
2876,9.0,12.666666666666666,0.0,0.0
3859,8.0,6.666666666666667,0.0,0.0
1906,4.0,3.6666666666666665,0.0,0.0
3096,14.0,11.333333333333334,0.0,0.0
1314,12.0,14.333333333333334,0.0,0.0
1480,10.0,11.333333333333334,0.0,0.0
1394,9.0,7.666666666666667,0.0,0.0
1378,9.0,9.666666666666666,0.0,0.0
2151,7.0,8.333333333333334,0.0,0.0
2449,10.0,13.0,0.0,0.0
3599,18.0,13.666666666666666,0.0,0.0
3632,5.0,5.333333333333333,0.0,0.0
338,8.0,8.0,0.0,0.0
426,19.0,13.333333333333334,0.0,0.0
77,13.0,12.666666666666666,0.0,0.0
1013,10.0,9.666666666666666,0.0,0.0
2186,12.0,12.333333333333334,0.0,0.0
1448,8.0,8.333333333333334,0.0,0.0
3199,16.0,12.666666666666666,0.0,0.0
3653,18.0,12.666666666666666,0.0,0.0
2526,7.0,8.666666666666666,0.0,0.0
174,10.0,11.0,0.0,0.0
434,10.0,11.0,0.0,0.0
3119,11.0,10.333333333333334,0.0,0.0
2293,10.0,9.333333333333334,0.0,0.0
2461,9.0,12.0,0.0,0.0
637,9.0,8.333333333333334,0.0,0.0
903,12.0,10.666666666666666,0.0,0.0
877,9.0,8.666666666666666,0.0,0.0
395,11.0,10.666666666666666,0.0,0.0
3760,10.0,10.0,0.0,0.0
1683,14.0,11.666666666666666,0.0,0.0
3492,13.0,10.333333333333334,0.0,0.0
1887,10.0,9.333333333333334,0.0,0.0
2141,7.0,8.333333333333334,0.0,0.0
2852,9.0,8.0,0.0,0.0
2052,6.0,7.333333333333333,0.0,0.0
3878,8.0,8.333333333333334,0.0,0.0
1295,9.0,8.666666666666666,0.0,0.0
1293,11.0,11.333333333333334,0.0,0.0
1045,9.0,8.333333333333334,0.0,0.0
2633,5.0,5.333333333333333,0.0,0.0
3273,8.0,7.666666666666667,0.0,0.0
2126,16.0,12.666666666666666,0.0,0.0
724,8.0,7.0,0.0,0.0
641,6.0,6.666666666666667,0.0,0.0
826,11.0,10.666666666666666,0.0,0.0
2150,10.0,13.333333333333334,0.0,0.0
3146,5.0,6.0,0.0,0.0
3252,14.0,13.666666666666666,0.0,0.0
3464,8.0,8.333333333333334,0.0,0.0
2415,9.0,10.333333333333334,0.0,0.0
277,12.0,12.0,0.0,0.0
2237,9.0,10.333333333333334,0.0,0.0
543,9.0,9.666666666666666,0.0,0.0
3678,12.0,15.333333333333334,0.0,0.0
1259,12.0,11.333333333333334,0.0,0.0
996,9.0,7.666666666666667,0.0,0.0
1645,14.0,12.0,0.0,0.0
2478,10.0,13.333333333333334,0.0,0.0
1442,6.0,8.333333333333334,0.0,0.0
918,10.0,10.0,0.0,0.0
3244,12.0,11.333333333333334,0.0,0.0
3709,17.0,13.333333333333334,0.0,0.0
2023,12.0,10.333333333333334,0.0,0.0
3077,5.0,4.666666666666667,0.0,0.0
1172,16.0,14.333333333333334,0.0,0.0
2501,12.0,10.333333333333334,0.0,0.0
1156,11.0,14.0,0.0,0.0
163,9.0,11.666666666666666,0.0,0.0
3698,9.0,8.333333333333334,0.0,0.0
3084,8.0,9.333333333333334,0.0,0.0
76,9.0,9.0,0.0,0.0
2689,10.0,10.333333333333334,0.0,0.0
2875,7.0,9.666666666666666,0.0,0.0
3844,7.0,5.666666666666667,0.0,0.0
1466,8.0,8.666666666666666,0.0,0.0
674,6.0,6.333333333333333,0.0,0.0
1914,9.0,9.666666666666666,0.0,0.0
2749,12.0,11.0,0.0,0.0
3725,10.0,11.666666666666666,0.0,0.0
1555,12.0,13.0,0.0,0.0
309,8.0,8.333333333333334,0.0,0.0
796,9.0,8.0,0.0,0.0
3537,7.0,7.0,0.0,0.0
2786,11.0,10.333333333333334,0.0,0.0
122,5.0,5.333333333333333,0.0,0.0
3317,8.0,7.0,0.0,0.0
3217,8.0,9.666666666666666,0.0,0.0
2038,13.0,18.333333333333332,0.0,0.0
3511,14.0,13.0,0.0,0.0
3764,11.0,12.666666666666666,0.0,0.0
3164,14.0,12.333333333333334,0.0,0.0
1739,13.0,13.333333333333334,0.0,0.0
2904,13.0,12.0,0.0,0.0
476,10.0,13.0,0.0,0.0
179,10.0,10.0,0.0,0.0
1129,11.0,11.666666666666666,0.0,0.0
957,12.0,14.0,0.0,0.0
2902,9.0,10.0,0.0,0.0
3156,6.0,6.666666666666667,0.0,0.0
3056,8.0,9.333333333333334,0.0,0.0
2246,8.0,10.333333333333334,0.0,0.0
3250,8.0,10.333333333333334,0.0,0.0
2723,10.0,12.0,0.0,0.0
2179,7.0,6.333333333333333,0.0,0.0
2488,5.0,6.333333333333333,0.0,0.0
1260,11.0,8.333333333333334,0.0,0.0
2925,9.0,9.333333333333334,0.0,0.0
282,7.0,9.333333333333334,0.0,0.0
3541,10.0,10.333333333333334,0.0,0.0
407,8.0,9.666666666666666,0.0,0.0
1625,11.0,12.333333333333334,0.0,0.0
243,12.0,11.333333333333334,0.0,0.0
321,7.0,6.666666666666667,0.0,0.0
1104,10.0,10.666666666666666,0.0,0.0
931,11.0,7.666666666666667,0.0,0.0
1984,11.0,10.333333333333334,0.0,0.0
